,0,1,2,3,4,5,6,7,8,9,10,11,12,13,14,15,16,17,18,19,20,21,22,23,24,25,26,27,28,29,30,31,32,33,34,35
0,2.0,1.9329483045488107e-05,1.7620074323266248e-05,1.650403853391217e-05,1.5482936241585315e-05,1.450446473463082e-05,1.3610478031536908e-05,1.2786588776108908e-05,1.1998195895135895e-05,1.1267804638562526e-05,1.0589717467217473e-05,9.958067587682953e-06,9.373777259874532e-06,8.81481961861677e-06,8.303757756245766e-06,7.829217456834663e-06,7.374848728753653e-06,6.952614125498346e-06,6.568868422858661e-06,6.204371765459832e-06,5.8623622261402364e-06,5.545839609151243e-06,5.25306538406321e-06,4.975195888690552e-06,5.157156970387832e-06,4.484692243543763e-06,4.262324733753873e-06,4.055666419271193e-06,3.863039984869526e-06,3.6824421558759754e-06,3.521542092212175e-06,3.3548851611232748e-06,3.245586726591309e-06,3.065014255134275e-06,2.9355533025253465e-06,3.460039828375398e-06
0,3.0,2.0387025568186003e-05,1.89021912425227e-05,1.78966467371498e-05,1.6972747131173185e-05,1.6542316784196997e-05,1.5164060104622033e-05,1.4338869805499067e-05,1.3559545238337373e-05,1.2795877263893299e-05,1.218281479593523e-05,1.1407474447334658e-05,1.0758022354356626e-05,1.0144335707650985e-05,9.559001014967991e-06,9.005450592961307e-06,1.098656510495666e-05,7.974274659361264e-06,7.498947830597313e-06,7.040251287550916e-06,6.6112506389271585e-06,6.197586823194813e-06,5.804796621857685e-06,5.4420631846522325e-06,5.085907643263866e-06,4.756112599184892e-06,4.454363371408056e-06,6.585857092512114e-06,3.867489506980895e-06,4.038357590249241e-06,3.3640889745306697e-06,3.120239711099112e-06,2.895070758176251e-06,2.6859896400027134e-06,2.49012602828465e-06,2.3283033277759513e-06
0,5.0,0.00024649072184160985,0.0002317951994704775,0.0002186815197316726,0.00020636660037722985,0.00019483021336393476,0.00018399316219197873,0.00017378291734735963,0.0001642035553887242,0.00015520585221271912,0.00014681490662193746,0.00013881410687601657,0.00013136439037662813,0.00012436838619939064,0.00011794382724495156,0.0001116056408923717,0.0001057837324770105,0.00010030995316989186,9.517521757632377e-05,9.035880479952767e-05,8.58268402581599e-05,8.157635602274197e-05,7.758188431345592e-05,7.38359471935325e-05,7.034340862893787e-05,6.725976975900992e-05,6.395150275296935e-05,6.107370963677274e-05,5.836430894288569e-05,5.583772183925647e-05,5.347414158287438e-05,5.127197731393127e-05,4.9208579920714796e-05,4.7287053712342106e-05,4.549783247379388e-05,4.1334696932334686e-05
0,7.0,3.474352879191571e-06,3.730289733981172e-06,5.167570902300927e-06,5.9862381242782395e-06,7.339746055534053e-06,8.842891326017078e-06,1.0466643459308627e-05,1.2243982444060987e-05,1.4183153542636922e-05,1.6268706798356273e-05,1.849691502845201e-05,2.09110969910805e-05,2.3515794040402973e-05,2.6558225854364598e-05,2.928404952473981e-05,3.240021796807798e-05,3.579369077152664e-05,3.9405551268893394e-05,4.3277502090707267e-05,4.737868981964199e-05,5.1773167843911635e-05,5.6449883920442755e-05,6.14266884228668e-05,6.673520867198805e-05,7.238178637861638e-05,7.839953756854098e-05,8.485910891932843e-05,9.163274127412889e-05,9.890021502566298e-05,0.0001066253925772444,0.00011486258089686961,0.0001236519179171115,0.00013296456721342934,0.00014288080049233996,0.0001383057919788921
0,8.0,0.00141312350915997,0.0013148083920026877,0.001222915344271584,0.0011365950759247064,0.001055584222553703,0.0009795534625614763,0.0009081950064241312,0.0008411053274422309,0.0007780973272472462,0.0007190294960827989,0.0006635867496859976,0.0006115800849317359,0.0005627868486850958,0.0005170576166964604,0.00047427844783441686,0.0004341770090509344,0.0003966481405685598,0.00036147561512667333,0.0003287082421894204,0.00029800749926324173,0.00026936296509746786,0.00024267252189011466,0.00021779374022985284,0.00019469193499617877,0.0001732900376818732,0.00015330220689607977,0.00013487764310379552,0.000117872641816242,0.00010221310430832289,8.784618655202026e-05,7.473314238683112e-05,6.286590874167192e-05,5.202797982639235e-05,4.235460153653957e-05,3.480427173003626e-05
0,11.0,0.00038500800328378486,0.0003515419979272393,0.0003208578251467485,0.00029208167080693325,0.0002654064439291,0.00023992319292277055,0.0002163382190698895,0.00019432942358346076,0.0001737887581385981,0.00015471914187720307,0.00013692517341016674,0.00012044582871821997,0.00010521366862757438,9.117649775183779e-05,7.82436990516566e-05,6.643904875963303e-05,5.5680528524230514e-05,4.597687440336652e-05,3.7210205190811436e-05,2.9465897417359842e-05,2.2637295118494767e-05,1.672371409585969e-05,1.1735039090616488e-05,7.641980191854414e-06,4.431366216837956e-06,2.1174253151957128e-06,6.202870303043703e-07,1.7391248242688108e-08,2.89914448262539e-07,1.4339649723616072e-06,3.4778426489644034e-06,6.370921863271931e-06,1.0191821311724288e-05,1.493381037356667e-05,1.6929191467434274e-05
0,14.0,2.235202185286307e-06,1.785338835718112e-06,1.8153840953994567e-06,1.9521079852405887e-06,1.7110857281460966e-06,1.812865293047701e-06,1.6622514349765447e-06,1.6267353469968885e-06,1.6136034980399845e-06,3.017657121450253e-06,1.5933329052796317e-06,1.5427937826058047e-06,1.5230881536922832e-06,1.5236253165065717e-06,1.4712450403668325e-06,1.4677668568858703e-06,1.5231608355036936e-06,1.479681927709728e-06,1.4556563657391028e-06,1.4099178323573093e-06,1.5781536041938183e-06,1.4074313413606331e-06,1.7672096636803201e-06,1.3863269831848528e-06,1.401458602097884e-06,3.467492710692881e-06,1.375801115768895e-06,1.4024344311887384e-06,1.4480153781790408e-06,1.4827872564760655e-06,1.3926254479739239e-06,1.494867337794687e-06,1.4780550082107246e-06,1.7924680609898401e-06,1.4107725930399602e-06
0,15.0,1.7067241456753708e-05,1.5040297587997452e-05,1.3406554981420935e-05,1.1879067937079721e-05,1.0489749700110701e-05,9.24426133041961e-06,8.08100166622432e-06,7.035961885559178e-06,6.0894666227614345e-06,5.23938008072341e-06,4.474480981917568e-06,3.791463947194076e-06,3.1855441474108635e-06,2.64770291998023e-06,2.1716669850314367e-06,1.7612309279417878e-06,1.4026966626851233e-06,2.0806834985289207e-06,8.373336226317699e-07,6.338621400441656e-07,4.45351114867532e-07,3.1095656634692326e-07,1.9456562692605306e-07,1.1293995667885414e-07,2.903705409987643e-07,1.981917346272118e-08,2.8493759197497427e-09,1.8066998229309784e-09,8.69232781404416e-07,3.369391495062513e-08,6.442957405478236e-08,9.207463289794843e-08,1.2687010538355622e-07,1.6147466991980398e-07,1.7556466999211983e-07
0,16.0,2.8472668238406952e-05,2.6439929611491662e-05,2.479666243673458e-05,2.3320537863668325e-05,2.1889084753784753e-05,2.049197141285939e-05,1.924646522753917e-05,1.7951220303663514e-05,1.681183551776338e-05,1.5730417426998146e-05,1.4673340791817407e-05,1.3789434360410107e-05,1.2771905424293382e-05,1.190252237003649e-05,1.1094924782471317e-05,1.0333714726388761e-05,9.554056020049863e-06,9.051385462631498e-06,8.240775218360902e-06,7.583731728232697e-06,7.017693512367563e-06,6.4899705704448645e-06,6.0221825958217365e-06,5.4289560318568715e-06,4.970100855828419e-06,4.535872140919462e-06,4.143260305435639e-06,3.801029277787343e-06,3.415235313981455e-06,3.0550061594012225e-06,2.7820523825831477e-06,2.4504540018035624e-06,2.1822566024693754e-06,1.9330010915409904e-06,1.6916332310818219e-06
0,18.0,0.00030118807747167955,0.0002854879306694397,0.000270508033970869,0.00025629700755356525,0.00024276713530658534,0.00022993938760290655,0.00021775414552995377,0.00020619650380666906,0.00019521006160663616,0.00018507935841927358,0.0001749033260988789,0.00016551659569231293,0.00015661033583666485,0.00014816133386183692,0.00014014686334309746,0.00013254857588796028,0.0001253473780375309,0.0001185141449908058,0.00011203427968915986,0.00010589971179918675,0.00010027447162373418,9.45757515678454e-05,8.935781373985935e-05,8.439598318718814e-05,7.971381649713743e-05,7.527975455021672e-05,7.107123850557644e-05,6.710605068082987e-05,6.331793928883946e-05,5.976089709042931e-05,5.639618059760465e-05,5.32196149468714e-05,5.0223291787284205e-05,4.739846875649382e-05,4.250935818027985e-05
0,21.0,1.9697091590127665e-05,1.8689571883533978e-05,1.8318341491603668e-05,1.8019295645569954e-05,1.774128290279233e-05,1.7522488723941876e-05,1.73609325840307e-05,1.7236111187810135e-05,1.7171204019940735e-05,1.713056864696067e-05,1.7134923484530548e-05,1.7219763415467122e-05,1.726889349641871e-05,1.7411008624991705e-05,1.7581760770952494e-05,1.780393138763374e-05,1.806501849970777e-05,1.838475926209141e-05,1.8730196345150782e-05,1.9136614478982984e-05,1.958326899585742e-05,2.008034230155785e-05,2.066004005687064e-05,2.123695440011534e-05,2.190459377061431e-05,2.2624185659266304e-05,2.3394947452225887e-05,2.423570015802702e-05,2.513338269039467e-05,2.6147701001744864e-05,2.7140532990581643e-05,2.826902052092228e-05,2.9447022220974228e-05,3.0719898409529464e-05,2.9336871281940105e-05
0,22.0,0.0006980194666507025,0.0006406687873651976,0.0005881721011568972,0.0005390468817693327,0.0004931571225181113,0.0004502056974312982,0.0004102615241886009,0.0003727582139041283,0.0003378987281167023,0.0003054547631612458,0.0002751808888484097,0.00024723029277846605,0.00022092975220364136,0.00019671622683028794,0.00017425018741435273,0.00015354484062988735,0.00013441588889221274,0.00011680113032261043,0.00010099809951245761,8.594125191199067e-05,7.254580681987124e-05,6.043012714140926e-05,4.95239789654569e-05,3.984357203558561e-05,3.1242401132394143e-05,2.3797601437778554e-05,1.7346458842762288e-05,1.1967118946860298e-05,7.6142967074239435e-06,4.313846320824132e-06,1.998344354455418e-06,4.628870574441002e-07,2.5668605718481033e-09,5.056899658462734e-07,1.2956972988297072e-06
0,27.0,0.0005018794378530655,0.0004656064800221877,0.0004323166918318214,0.00040110369456285887,0.00037184273595767414,0.0003443901838876518,0.00031864089053227577,0.0002945141136922101,0.00027192877103207256,0.000250742691273802,0.00023087060847947727,0.00021225677674841656,0.00019488359042224337,0.00017857607679090784,0.00016332691154922436,0.0001491023220368966,0.0001357746310077949,0.0001233503212604195,0.00011184039925324125,0.00010092820684143347,9.084604801812087e-05,8.148093789823762e-05,7.278594711800282e-05,6.471485337528803e-05,5.722712581777383e-05,5.0313036018247796e-05,4.394145527989841e-05,3.809497021623703e-05,3.273291822819128e-05,2.8073696151718296e-05,2.3385876064667805e-05,1.9369609261412544e-05,1.5752570722674762e-05,1.2564747275786979e-05,1.0071882199214883e-05
0,29.0,0.00016651933439471017,0.00015308322539349888,0.00014108378765491941,0.00012985015965446625,0.00011929111052668505,0.00010945456521173656,0.00010028875358769259,9.171778170722108e-05,8.370790429992649e-05,7.621448852025359e-05,6.925169561363984e-05,6.274214141742114e-05,5.668913763149965e-05,5.1048230863560775e-05,4.581241216351976e-05,4.0965786887453856e-05,3.647232285454006e-05,3.2313854918108556e-05,2.8500300231946456e-05,2.4915270047403494e-05,2.1664523323233877e-05,1.870739454174899e-05,1.5944748761151417e-05,1.3463247605627394e-05,1.1227265076213615e-05,9.203100786882444e-06,7.405722471158771e-06,5.81143695348049e-06,4.422440537758494e-06,3.245277193854603e-06,2.2382343229694743e-06,1.4273207812178202e-06,8.019107844519537e-07,3.5597108387754634e-07,1.6907953625290682e-07
0,31.0,7.164186432254108e-05,6.477428416138819e-05,6.0134101579122355e-05,5.5761386561720456e-05,5.1645963718979264e-05,4.776730564843846e-05,4.4127914382201466e-05,4.071550975694918e-05,3.751306212592513e-05,3.4518295859232374e-05,3.1707565554832254e-05,2.926281412938946e-05,2.6597680286957933e-05,2.4300109371638544e-05,2.21297171970918e-05,2.01174799641847e-05,1.8241093171387174e-05,1.6494475946647506e-05,1.4845806448920261e-05,1.3326753504154987e-05,1.1900657213875198e-05,1.058469152038094e-05,9.356585895949137e-06,8.228910058394993e-06,7.173356453898127e-06,6.207331529859446e-06,5.324119003650916e-06,4.524471872935001e-06,3.7791261445634306e-06,3.1325857689413347e-06,2.5415399463935404e-06,1.999545847702387e-06,1.5390941110304285e-06,1.1372809807090298e-06,8.846196315929327e-07
0,32.0,0.00022321336664512623,0.0002302135863147108,0.00023831250584206042,0.0002470798621671081,0.00025653919460579666,0.00026672905500083744,0.0002776915802340098,0.0002894842427932894,0.0003021592583729338,0.0003157346545654363,0.0003303031456478913,0.00034592549367087904,0.0003626302244770647,0.0003808748001304681,0.00039966471580185907,0.0004201550870668369,0.00044205469832870996,0.0004654632713783927,0.0004904933822087632,0.0005172311567725137,0.0005458011402807661,0.0005763227325679559,0.000608996640593019,0.0006437643695994437,0.0006810437398271769,0.0007206750722861039,0.0007630661318369931,0.0008083656313709565,0.0008567405947745409,0.0009090184961841751,0.0009635711970866032,0.0010225135361014367,0.0010854390889023617,0.0011526934012039288,0.0011078621221296493
0,33.0,9.930681071701469e-06,1.0305670533014283e-05,1.1086534185989698e-05,1.1927030099985073e-05,1.2837900178266044e-05,1.3797990874555025e-05,1.4837804555503224e-05,1.594097354178145e-05,1.7127261369727945e-05,1.8405593417930555e-05,1.9766982888789574e-05,2.1222640422207413e-05,2.277985498420482e-05,2.444952991447277e-05,2.6229379197431968e-05,2.8135177527891616e-05,3.0160775265626286e-05,3.2317055423470727e-05,3.462185402168729e-05,3.7078906424809274e-05,3.969895495644091e-05,4.248927616429774e-05,4.546549420354263e-05,4.863529125230578e-05,5.200597251328986e-05,5.560191934748732e-05,5.9431387829899686e-05,6.351797824180063e-05,6.78680122253457e-05,7.25502643566459e-05,7.744453006338335e-05,8.271459610014586e-05,8.834127516787578e-05,9.429412559818864e-05,9.090852133866986e-05
0,35.0,1.076988676849892e-05,9.657814622485166e-06,8.991674583333213e-06,8.371123027988914e-06,7.806407446535024e-06,7.256210464434055e-06,6.75693508799621e-06,6.290784664378443e-06,6.111074521890175e-06,5.457715284391738e-06,5.081978838972793e-06,4.734247714099665e-06,4.405122752715124e-06,4.101661956583669e-06,3.8199484683976435e-06,3.55533505539662e-06,3.3107184266039625e-06,3.081456029826031e-06,2.8696051216541287e-06,2.6687804247746175e-06,2.4864758554132953e-06,2.3133044571568874e-06,2.1512820237365694e-06,3.607015481810465e-06,1.8666162230640274e-06,1.7319657952941282e-06,1.6136107901267484e-06,1.4962985858623683e-06,1.3956855694093415e-06,1.2918422947579843e-06,1.2005448173381845e-06,1.1241657836014352e-06,1.0310211877084906e-06,9.569389266674527e-07,2.201721803530782e-06
0,37.0,0.0009260177560465069,0.0008632451759627145,0.0008050828406359164,0.000749178314711167,0.0006973184503486343,0.0006486158657741682,0.000602965133314457,0.0005600867112134885,0.00051959381098439,0.0004820460938888399,0.0004466443052788576,0.00041340671547203324,0.00038213824745348253,0.00035284714598975337,0.0003254354879503068,0.00029977641731536117,0.0002757065689787462,0.000253131695405539,0.00023194920527564773,0.0002121981817953478,0.0001936340655983438,0.0001763431161039317,0.00016015569190459258,0.00014506922614077245,0.0001310079315230088,0.00011786446094287207,0.00010564302691842266,9.429125052629687e-05,8.377822204676995e-05,7.402357133596876e-05,6.497743535964131e-05,5.668157490843909e-05,4.9083892001861376e-05,4.203104664892089e-05,3.541003575736844e-05
0,40.0,0.00023919315383998324,0.00022324469058271695,0.00020879599720130228,0.0001941148630698718,0.00018080537163028875,0.0001682835659004907,0.00015650588246253304,0.00014538216755164882,0.00013493582897411112,0.0001251971387280816,0.00011585827164811623,0.0001071549222309193,9.898273119723932e-05,9.128570876131735e-05,8.40830412684655e-05,7.730118838381229e-05,7.093958832558858e-05,6.498269178683048e-05,5.94028293817758e-05,5.4188931023912564e-05,4.92850086678695e-05,4.4717380736214094e-05,4.046204208544807e-05,3.645979238507356e-05,3.2741397103693384e-05,2.929137485851993e-05,2.6084183045714667e-05,2.310308211157268e-05,2.034659509196451e-05,1.7782170335114185e-05,1.5431649462367124e-05,1.3274214564680222e-05,1.1304148571396597e-05,9.569888190637208e-06,7.916246586075064e-06
0,44.0,1.247332328102846e-06,7.607808254122162e-07,5.681373560158119e-07,4.0578607147377334e-07,2.876009444210112e-07,5.34062701016787e-07,7.204202094891019e-08,7.710802840643796e-08,5.130306186046779e-09,1.7882684501616714e-08,7.320152135730604e-08,1.371150747630638e-07,2.51818606712158e-07,4.3431691760468515e-07,6.060950839060896e-07,8.324440373127631e-07,1.4296996148531357e-06,1.4107170009874383e-06,1.7712005726987336e-06,2.1772333212325382e-06,2.638665447472859e-06,3.167879238330576e-06,3.7323185357236895e-06,4.342836664981042e-06,5.013435233472027e-06,5.748583540928924e-06,6.56107041207908e-06,7.475845489023319e-06,8.387587611863531e-06,9.43401904081342e-06,1.0528514728231922e-05,1.1766946686205356e-05,1.301104170564244e-05,1.4384859329803536e-05,1.4172109086525295e-05
0,47.0,0.0003025874367156231,0.00029721972853793526,0.00029266436565458375,0.0002888335629807815,0.0002856149995381672,0.0002829814093449481,0.0002808935416912736,0.00027948194706312453,0.0002785207361650021,0.0002781803463108043,0.00027843203111249713,0.00027918139562787755,0.00028056401248882336,0.0002824286833395136,0.00028486546959690165,0.00028791540213990126,0.00029157627401608054,0.000295823459075455,0.0003006905920998546,0.00030621118880578386,0.00031237202579779814,0.0003192677112816658,0.00032679944164996363,0.00033509132083199425,0.00034426014724104405,0.000354123919048821,0.00036488411593451925,0.00037650754649220467,0.00038905369614043945,0.0004026808957571901,0.00041731647397080655,0.0004329039120193059,0.00044973058005576006,0.0004678398710771146,0.00044437561407301114
0,49.0,2.10307852338844e-05,1.9747438046122737e-05,1.797573869299126e-05,1.674760124012168e-05,1.5575988051668612e-05,1.4472213004041708e-05,1.3444142979987573e-05,1.2448616516456962e-05,1.1477873411814981e-05,1.0838032096234321e-05,9.77781302415213e-06,9.03457032864786e-06,8.708028241882918e-06,7.567452305082181e-06,6.922102126597431e-06,6.3147236847750654e-06,6.246295185225527e-06,5.1932387273717035e-06,4.691283723876285e-06,4.224395191635515e-06,4.1361424878173476e-06,3.434510201524012e-06,2.9992441122552986e-06,2.640363159005037e-06,2.3252989726996595e-06,2.0217138869881917e-06,1.7966862087396072e-06,1.858725496888911e-06,1.2477073150586266e-06,1.032421772128781e-06,8.50919558496485e-07,6.747974974624904e-07,6.755389462042676e-07,4.138374119476877e-07,3.2387797901825794e-07
0,50.0,3.828182442220168e-06,2.6112075252047183e-06,2.076395214661467e-06,1.6375965935378168e-06,1.2505762552092998e-06,9.170061475798663e-07,6.442511033478369e-07,4.052700264625615e-07,2.529201483655879e-07,1.0142584429045837e-07,2.6383399296141426e-08,1.669214018983398e-08,7.835033466287017e-08,3.089389344928915e-07,2.445370941002574e-07,4.484042082151364e-07,6.811855751752331e-07,9.962636519463188e-07,1.33075203156054e-06,1.7554888669673692e-06,2.228864552629414e-06,2.768168250484411e-06,3.4262616814045573e-06,4.111053171851977e-06,5.048887615337115e-06,5.637383986279431e-06,6.556733187518241e-06,7.546123246004794e-06,9.12544164221949e-06,9.761753546111925e-06,1.1014974463650664e-05,1.2389438952700373e-05,1.3848355013301715e-05,1.5404167009523944e-05,1.5202441188543145e-05
0,51.0,0.00036749710231350044,0.0003866394578163692,0.00040744419535777626,0.0004297452810155,0.000453580632619373,0.0004790883591389886,0.0005063531022114741,0.0005354800017846057,0.0005666592643878177,0.000599889099661795,0.000635440962647229,0.0006734031915633803,0.0007139414147796173,0.000757228274214427,0.0008034522970346449,0.0008527949519475237,0.0009055019226495223,0.0009617331829573242,0.001021728978414692,0.0010857279061983753,0.0011541869126432667,0.0012271257181877778,0.0013049979246321194,0.0013880950002395135,0.0014767537677178241,0.001571386540633613,0.0016723732985126742,0.0017801063776114292,0.0018950881739092814,0.0020178688318575697,0.0021488762305260454,0.0022886475353203735,0.002437892799111686,0.002597009457076845,0.002511213731065857
0,52.0,4.224999317820158e-06,3.250463464161048e-06,2.558046413859523e-06,1.953915127390586e-06,1.4341471300337763e-06,9.728247249914363e-07,6.091880820379013e-07,3.35802578935756e-07,1.33392589422822e-07,2.3663796391120802e-08,4.6955685640829376e-08,9.43836504397576e-08,2.44068975890849e-07,5.112966412843046e-07,8.660669804765191e-07,1.346980169495684e-06,1.8916544923660274e-06,2.579654202266555e-06,3.371930255377782e-06,4.28106304669661e-06,5.313551815804967e-06,6.480673228785649e-06,7.844793678097698e-06,9.239539469430916e-06,1.0827763329065302e-05,1.2596480395267236e-05,1.4512832013677534e-05,1.661785277569961e-05,1.8905240052535876e-05,2.1390200993085487e-05,2.4101732936623613e-05,2.7015328662930992e-05,3.017066839148453e-05,3.358131638844294e-05,3.311266557686462e-05
0,53.0,9.06301458380257e-05,8.615860666613594e-05,8.261162992319928e-05,7.930690631320056e-05,7.62066570456097e-05,7.331752002786546e-05,7.063710330292654e-05,6.813260077673843e-05,6.580318961772551e-05,6.364496262951911e-05,6.1647260714812e-05,5.9826593222153006e-05,5.809980859844954e-05,5.654157343722774e-05,5.510889222153908e-05,5.3809250848215124e-05,5.262210866662612e-05,5.155423880048842e-05,5.0597999826228276e-05,4.97584386719779e-05,4.902354684998356e-05,4.838129081451207e-05,4.786104052515835e-05,4.7404203426756975e-05,4.7059125896313514e-05,4.68123276638334e-05,4.6654699612401544e-05,4.6605084691701994e-05,4.664081477501703e-05,4.677109317399168e-05,4.69960491049381e-05,4.735125354685772e-05,4.772111665214366e-05,4.8234234525593904e-05,4.5055231069980514e-05
0,55.0,2.8590130169617876e-07,3.507045501537332e-08,3.0689682135860693e-08,3.782537568161454e-08,5.963712219026165e-08,8.594279999150184e-07,1.405960415383216e-08,1.0981722940335821e-08,1.169308199734267e-08,8.089397518582814e-09,5.2855372881839416e-08,5.2983078361702815e-09,9.246779454391516e-08,4.385175000787248e-09,3.042971082809987e-08,4.488875815345216e-09,2.7327400266598825e-09,3.0158866182487952e-09,3.376283806192876e-09,2.1691362725996007e-09,1.909634972392457e-09,2.4098722598623416e-09,3.6195273166358733e-09,7.762684830636251e-08,1.786841404527475e-09,1.8278187474004429e-09,1.8794772573716e-09,2.4108611979095447e-09,2.611918532403225e-09,2.184698168166496e-09,4.183214678079209e-09,7.389009437254498e-09,3.1243840127171615e-09,7.451284654292479e-09,4.395594062210415e-08
0,56.0,6.50375947854815e-05,6.280343013666903e-05,6.140054347511164e-05,6.0194369452368695e-05,5.920731504366144e-05,5.836307521229547e-05,5.769471743765473e-05,5.721852241448821e-05,5.689547871703616e-05,5.6797523250315294e-05,5.677636030715099e-05,5.699756306642747e-05,5.7332055801888486e-05,5.786148679657153e-05,5.8515399393904455e-05,5.93617832587445e-05,6.03780172988027e-05,6.157632908680553e-05,6.291083887613005e-05,6.444111631203101e-05,6.619338312542323e-05,6.807160581611752e-05,7.020791264002554e-05,7.250344861417434e-05,7.499284052054327e-05,7.776695358340239e-05,8.070243954046556e-05,8.390896949571743e-05,8.738527725867986e-05,9.113785993704931e-05,9.515128738133048e-05,9.947139025999515e-05,0.00010409940388855161,0.00010905506298194441,0.00010402112528729509
0,62.0,3.084479002745761e-05,2.7306877003080142e-05,2.44832076306698e-05,2.1866015770381258e-05,1.946018948577699e-05,1.7201344918015197e-05,1.5131507262949752e-05,1.32232768448467e-05,1.1471725865270279e-05,9.898235536799285e-06,8.427567400049636e-06,7.074605531997337e-06,5.853677172974712e-06,4.772776080739656e-06,3.824720627229117e-06,2.9565894949733154e-06,2.2161468092825826e-06,1.592579766529958e-06,1.07567380213398e-06,6.528518648331765e-07,3.390907933273181e-07,2.6497100411766416e-07,2.532610724103452e-08,9.144125662638516e-09,1.2664077939877292e-07,3.302388712979908e-07,5.900881258981165e-07,9.860887240458087e-07,1.4940782633056e-06,2.1106837755048317e-06,2.8099282318586276e-06,3.6349293067275673e-06,4.688113601211981e-06,5.645161281843197e-06,5.850827483866358e-06
0,63.0,7.119397557654481e-07,4.563521356841319e-07,1.0118019381679262e-06,1.8074403048277019e-06,2.8091732651220287e-06,4.057391073023373e-06,5.54091468719999e-06,7.297411535625442e-06,9.255223782190197e-06,1.149857622119888e-05,1.401348859888581e-05,1.6802697072411762e-05,1.98913742698231e-05,2.3277871458340018e-05,2.6978842647332744e-05,3.101714042149109e-05,3.5403051230432385e-05,4.061876253147921e-05,4.529227313559947e-05,5.082923544592955e-05,5.682247374695237e-05,6.325177788816585e-05,7.016760107982e-05,7.758629440068879e-05,8.55322266660504e-05,9.403749177383997e-05,0.00010313523967607895,0.00011285493043178933,0.00012336682259103177,0.000134348712681145,0.00014618490723343404,0.00015878114840798326,0.0001722006642785205,0.0001866002420266482,0.00018145952806851917
0,65.0,0.00020742141850206753,0.00019225905685496409,0.00017913302726551075,0.00016616404701170887,0.00015418081055075593,0.00014284741892846075,0.00013214261383228166,0.000122064772253908,0.00011249567071741173,0.00010351575878705874,9.500746567015366e-05,8.702624864093762e-05,7.947669563767889e-05,7.239058496178038e-05,6.572945770753175e-05,6.0699241453359445e-05,5.364300154811048e-05,4.816073087937376e-05,4.303530362731049e-05,3.826229676260636e-05,3.3823861023195794e-05,2.971218703511922e-05,2.5900614380606752e-05,2.2391468459656852e-05,1.9168153973871576e-05,1.6215118953807945e-05,1.543860587255584e-05,1.1107958385070593e-05,8.995672012056829e-06,7.0714359990612045e-06,5.33463904442509e-06,3.890896925647135e-06,2.674600361751207e-06,1.713018028949322e-06,1.1271939727234616e-06
0,68.0,1.884207868284648e-05,1.6571755493263175e-05,1.506556304482174e-05,1.3690277883538899e-05,1.2361171638847856e-05,1.1696160858413765e-05,1.002361550305096e-05,8.981328163324108e-06,8.019761697436626e-06,7.128440520001449e-06,6.303683554505176e-06,5.546674454765975e-06,4.8530748706795735e-06,4.203758950900138e-06,3.6167390294974316e-06,3.0820315886845827e-06,3.0460879325507885e-06,2.1606640687088997e-06,1.7695431858376063e-06,1.4215637085748179e-06,1.113302545067133e-06,8.507770002253187e-07,6.183508909884847e-07,4.2593249479224066e-07,2.714631543056813e-07,1.5158543595228776e-07,8.214521734070199e-08,1.872047050033596e-08,7.536970214824294e-11,1.7795787854992808e-08,7.492497803005198e-08,1.5520548281386e-07,2.804175388774901e-07,4.3041917703999514e-07,5.491198306074633e-07
0,69.0,2.6485509149718678e-06,1.944631932728747e-06,1.7345455264582296e-06,1.5687372109625627e-06,1.3681715694797635e-06,1.1977396689403837e-06,1.0512261533873373e-06,8.986901504475187e-07,7.65087210064886e-07,6.456958799129169e-07,5.334335272391274e-07,4.951547903174435e-07,1.3687701194974625e-06,2.903675948617981e-07,1.9698038473424307e-07,2.2676632498927643e-07,1.0845878653950948e-07,5.142200102439696e-08,2.4644428528432168e-08,6.666892553313154e-09,1.95382973772678e-08,9.944977838480509e-09,6.755661809887379e-08,1.1865203003915695e-06,1.0560578695252486e-07,8.133355490334255e-07,2.8996937154702017e-07,2.889134655538244e-07,3.838781042780809e-07,4.876320755090485e-07,6.163813067945458e-07,7.593151337336434e-07,8.962746890544935e-07,1.062381085457344e-06,1.125415149529889e-06
0,71.0,2.9565530951026794e-06,2.155542856997544e-06,2.2010701904590745e-06,2.203736270904763e-06,2.2339156201966372e-06,2.479717395141688e-06,2.3224843285203642e-06,2.3698176994194872e-06,2.4218973049042077e-06,2.480736049798978e-06,2.5467958781649796e-06,2.6365143099681313e-06,2.7071404486643733e-06,2.7941432557652794e-06,2.980197486598207e-06,3.012221111909832e-06,3.447016093763039e-06,3.2845621547323557e-06,3.4389788108412346e-06,5.595188187552596e-06,3.784202451835756e-06,3.978992313779515e-06,4.188940831393458e-06,4.411555922016473e-06,4.6680134239143375e-06,5.058554059190994e-06,5.1930118220362166e-06,5.700943242317902e-06,6.102633861892075e-06,6.107434028670325e-06,8.432654968989499e-06,6.8495322963865355e-06,7.265878734079026e-06,7.701077072674e-06,7.427435256519565e-06
0,72.0,4.425430668499504e-05,4.425184680375489e-05,4.4619785279599506e-05,4.5084278815062744e-05,4.565611304045964e-05,4.632935949669733e-05,4.707988508475691e-05,4.7986102756912596e-05,4.895491920522082e-05,5.002941139107308e-05,5.122270228288851e-05,5.2536893362284315e-05,5.39820913985147e-05,5.5558149303722325e-05,5.72816441269075e-05,5.914009488023012e-05,6.114479099351916e-05,6.331926906041857e-05,6.56483354088203e-05,6.815977731127753e-05,7.088497863462442e-05,7.374679346263717e-05,7.68445669154258e-05,8.015538551679795e-05,8.369635257335874e-05,8.747072803377449e-05,9.150403824105699e-05,9.581479005007857e-05,0.00010040782160997382,0.00010531413466183807,0.00011055454805230627,0.0001161347952822344,0.00012209752973570706,0.00012844945886877202,0.00012279545315192238
0,74.0,4.7845925659563174e-05,4.541290917913175e-05,4.381080651858459e-05,4.227333221587901e-05,4.088978082940475e-05,3.9648806881087265e-05,3.849883773550546e-05,3.7323105971152116e-05,3.6325331094492564e-05,3.6229063036486575e-05,3.4702592400706005e-05,3.377556462582975e-05,3.312814794634402e-05,3.243633856926583e-05,3.190401995952605e-05,3.144273220954266e-05,3.165887597967202e-05,3.066960240116633e-05,3.0386056746070496e-05,3.0138342217681176e-05,3.003300168982081e-05,3.0004472150541835e-05,2.9802976643770966e-05,2.997423604365167e-05,2.997352004672612e-05,3.0040843601364976e-05,3.0281808042371055e-05,3.1657829604300165e-05,3.0997868963360985e-05,3.1304445515866905e-05,3.1730246904674416e-05,3.229806777218242e-05,3.293139712440534e-05,3.3629855794823935e-05,3.164079126815543e-05
0,81.0,0.00012645181877077034,0.00012069025068017891,0.00011615444126556749,0.0001118791054407992,0.00010784789927939897,0.00010407797223970525,0.00010053048839044532,9.71880480612904e-05,9.407283958396578e-05,9.113723236345989e-05,8.842840661163842e-05,8.589310284959866e-05,8.352565001924158e-05,8.138296908001547e-05,8.002456826744732e-05,7.745294804587464e-05,7.572578338159918e-05,7.415006673871776e-05,7.273693897190642e-05,7.144996940242808e-05,7.032827741611957e-05,6.932003963711417e-05,6.843552393913428e-05,6.76917318730456e-05,6.714221799088392e-05,6.713204936284897e-05,6.625612204793138e-05,6.593372266566558e-05,6.581109126161182e-05,6.581148985013585e-05,6.592237943171423e-05,6.620007420389559e-05,6.65386213317107e-05,6.706874193715602e-05,6.247539370711392e-05
0,82.0,6.585963490654803e-05,6.405883844591857e-05,6.275057816733975e-05,6.161342494586995e-05,6.062886107351632e-05,5.978366958835108e-05,5.907670322383096e-05,5.848807350498379e-05,5.8019988067376955e-05,5.76884980983929e-05,5.746716262124143e-05,5.736687379359582e-05,5.736165019076242e-05,5.753072852920966e-05,5.776439125119356e-05,5.8139194514873006e-05,5.8624879439658636e-05,5.923137167428862e-05,5.995857736763517e-05,6.0832763371702374e-05,6.180197585713068e-05,6.29268264281082e-05,6.418971079288383e-05,6.560104084903817e-05,6.71619849555468e-05,6.887942659999227e-05,7.078562422123099e-05,7.28800033835446e-05,7.508407431948899e-05,7.751028305684e-05,8.017165430789526e-05,8.299937200306032e-05,8.626805978920472e-05,8.932766832144431e-05,8.475532079949744e-05
0,83.0,1.108468399015057e-05,9.364126867835018e-06,8.500106979808938e-06,7.91838436317244e-06,6.94536697525527e-06,6.250752647728278e-06,5.621240231790082e-06,5.012332100883788e-06,4.454915942116931e-06,3.943128036625862e-06,3.4778531045138317e-06,3.040280307374954e-06,2.6434599437289877e-06,2.2799371786985404e-06,2.241183836715586e-06,1.6368621048305257e-06,1.3705041406949508e-06,2.0083076451302415e-06,8.974742640304319e-07,8.834339327739659e-07,5.357650880960527e-07,3.9101563763034214e-07,2.7088954497276556e-07,1.7420529676061786e-07,9.75768054262198e-08,4.7577292906665036e-08,1.604101128539482e-08,3.853647631477256e-09,9.554238300244878e-07,6.932689799848709e-08,3.7381502170753873e-07,1.7321520641683083e-07,2.624392671865752e-07,3.8575416021253626e-07,4.693441338508754e-07
