,0,1,2,3,4,5,6,7,8,9,10,11,12,13,14,15,16,17,18,19,20,21,22,23,24,25,26,27,28,29,30,31,32,33,34,35,36,37,38,39,40,41,42,43,44,45,46,47,48,49,50,51,52,53,54,55,56,57,58,59,60,61,62,63,64,65,66,67,68,69,70,71,72,73,74,75,76,77,78,79,80,81,82,83,84,85,86,87,88,89,90,91,92,93,94,95,96,97,98,99,100,101,102,103,104,105,106,107,108,109,110,111,112,113,114,115,116,117,118,119,120,121,122,123,124,125,126,127,128,129,130,131,132,133,134,135,136,137,138,139,140,141,142,143,144,145,146,147,148,149,150,151,152,153,154,155,156,157,158,159,160,161,162,163,164,165,166,167,168,169,170,171,172,173,174,175,176,177,178,179,180,181,182,183,184,185,186,187,188,189,190,191,192,193,194,195,196,197,198,199,200,201,202,203,204,205,206,207,208,209,210,211,212,213,214,215,216,217,218,219,220,221,222,223,224,225,226,227,228,229,230,231,232,233,234,235,236,237,238,239,240,241,242,243,244,245,246,247,248
0,14.0,11.197265625,1.789648413658142,1.727441430091858,8.30078125,12.87841796875,5.55419921875,-32.3822021484375,-84.8529052734375,9.871777534484863,-0.40673828125,0.779980480670929,2.38037109375,2.74658203125,1.8310546875,-34.288330078125,-84.8529052734375,9.871777534484863,-0.40673828125,0.779980480670929,2.38037109375,2.74658203125,1.708984375,-34.837646484375,-84.8529052734375,9.871777534484863,-0.46894532442092896,0.660351574420929,2.38037109375,2.74658203125,5.859375,-42.275390625,-84.2926025390625,11.202051162719727,0.11962890625,2.598339796066284,26.55029296875,27.40478515625,24.658203125,-49.5977783203125,-74.0478515625,11.202051162719727,0.11962890625,2.9859375953674316,26.55029296875,27.40478515625,24.658203125,-51.8280029296875,-74.0478515625,11.202051162719727,0.11962890625,2.9859375953674316,26.55029296875,27.40478515625,24.658203125,-51.8280029296875,-74.0478515625,13.307519912719727,7.96728515625,4.196581840515137,88.623046875,27.40478515625,32.77587890625,177.0391845703125,-74.0478515625,13.307519912719727,7.96728515625,4.196581840515137,88.623046875,27.40478515625,32.77587890625,177.0391845703125,-74.0478515625,40.08525466918945,20.212499618530273,13.814745903015137,210.693359375,223.14453125,132.8125,177.0391845703125,-53.76708984375,40.08525466918945,20.212499618530273,16.527929306030273,210.693359375,223.14453125,132.8125,179.6484375,-50.9051513671875,40.08525466918945,20.212499618530273,16.527929306030273,210.693359375,223.14453125,132.8125,179.6484375,-50.9051513671875,40.08525466918945,20.212499618530273,16.527929306030273,210.693359375,223.14453125,132.8125,179.6484375,-50.9051513671875,40.08525466918945,20.212499618530273,16.527929306030273,210.693359375,223.14453125,132.8125,179.736328125,-50.9051513671875,40.08525466918945,20.212499618530273,16.527929306030273,210.693359375,223.14453125,132.8125,179.736328125,-50.9051513671875,40.08525466918945,20.212499618530273,16.527929306030273,210.693359375,223.14453125,132.8125,179.736328125,-50.9051513671875,40.08525466918945,20.212499618530273,16.527929306030273,210.693359375,223.14453125,132.8125,179.736328125,-43.2257080078125,40.08525466918945,20.212499618530273,16.527929306030273,210.693359375,223.14453125,132.8125,179.736328125,-43.1268310546875,40.08525466918945,20.212499618530273,16.527929306030273,210.693359375,223.14453125,132.8125,179.736328125,-42.4237060546875,40.08525466918945,20.212499618530273,16.527929306030273,210.693359375,223.14453125,132.8125,179.736328125,-42.3248291015625,40.08525466918945,20.212499618530273,16.527929306030273,210.693359375,223.14453125,132.8125,179.736328125,-42.2259521484375,19.26025390625,4.746874809265137,16.527929306030273,168.5791015625,140.68603515625,68.17626953125,179.736328125,-41.90185546875,12.470117568969727,3.9764647483825684,2.9237303733825684,33.02001953125,19.1650390625,40.52734375,179.736328125,-41.90185546875,12.470117568969727,3.9764647483825684,2.9237303733825684,33.02001953125,19.1650390625,40.52734375,179.736328125,-41.90185546875,12.470117568969727,3.9764647483825684,2.9237303733825684,33.02001953125,19.1650390625,40.52734375,179.736328125,-41.90185546875,10.843164443969727,3.9764647483825684,0.32060545682907104,33.02001953125,19.10400390625,12.8173828125,179.6759033203125,-41.90185546875,10.843164443969727,3.9764647483825684,0.32060545682907104,33.02001953125,19.10400390625,12.8173828125,179.6759033203125,-41.90185546875,10.843164443969727,3.9764647483825684,0.32060545682907104,33.02001953125,19.10400390625,12.8173828125,179.6759033203125,-41.90185546875,7.115527153015137,2.2442383766174316,-6.713574409484863,3.72314453125,4.39453125,2.74658203125,167.376708984375,-41.90185546875,7.101171970367432,2.2442383766174316,-6.713574409484863,3.72314453125,4.39453125,2.74658203125,167.376708984375,-41.90185546875,6.981543064117432,2.0576171875,-6.919335842132568,3.662109375,4.39453125,4.0283203125,167.4151611328125,-40.3033447265625
1,21.0,,,,,,,,,,,,,,,,,,,,,,,,,,,,,,,,,,,,,,,,,,,,,,,,,,,,,,,,,,,,,,,,,,,,,,,,,,,,,,,,,,,,,,,,,,,,,,,,,,,,,,,,,,,,,,,,,,,,,,,,,,,,,,,,,,,,,,,,,,,,,,,,,,,,,,,,,,,,,,,,,,,,,,,,,,,,,,,,,,,,,,,,,,,,,,,,,,,,,,,,,,,,,,,,,,,,,,,,,,,,,,,,,,,,,,,,,,,,,,,,,,,,,,,,
2,23.0,,,,,,,,,,,,,,,,,,,,,,,,,,,,,,,,,,,,,,,,,,,,,,,,,,,,,,,,,,,,,,,,,,,,,,,,,,,,,,,,,,,,,,,,,,,,,,,,,,,,,,,,,,,,,,,,,,,,,,,,,,,,,,,,,,,,,,,,,,,,,,,,,,,,,,,,,,,,,,,,,,,,,,,,,,,,,,,,,,,,,,,,,,,,,,,,,,,,,,,,,,,,,,,,,,,,,,,,,,,,,,,,,,,,,,,,,,,,,,,,,,,,,,,,
3,25.0,120.0308609008789,8.479296684265137,3.741992235183716,167.724609375,111.2060546875,45.166015625,179.8626708984375,143.9208984375,120.0308609008789,8.479296684265137,3.741992235183716,167.724609375,111.2060546875,45.166015625,179.8626708984375,143.9208984375,120.0308609008789,8.479296684265137,3.741992235183716,167.724609375,111.2060546875,45.166015625,179.8626708984375,143.9208984375,120.0308609008789,8.479296684265137,3.741992235183716,167.724609375,111.2060546875,45.166015625,179.8626708984375,143.9208984375,120.0308609008789,8.479296684265137,3.741992235183716,167.724609375,111.2060546875,45.166015625,179.8626708984375,143.9208984375,120.0308609008789,8.479296684265137,3.741992235183716,167.724609375,111.2060546875,45.166015625,179.8626708984375,143.9208984375,13.991796493530273,6.287695407867432,3.741992235183716,167.724609375,111.2060546875,45.166015625,179.8626708984375,-58.919677734375,14.33154296875,6.287695407867432,4.306640625,169.12841796875,111.2060546875,45.166015625,179.8626708984375,-58.9471435546875,14.33154296875,6.287695407867432,4.306640625,169.12841796875,111.2060546875,45.166015625,179.8626708984375,-58.9471435546875,14.33154296875,6.287695407867432,4.306640625,169.12841796875,111.2060546875,45.166015625,179.8626708984375,-65.203857421875,14.33154296875,6.287695407867432,4.306640625,169.12841796875,75.439453125,41.80908203125,149.886474609375,-71.224365234375,14.33154296875,5.345019340515137,4.306640625,169.12841796875,38.818359375,41.80908203125,149.886474609375,-71.224365234375,14.33154296875,7.531836032867432,4.306640625,251.28173828125,38.818359375,41.80908203125,153.863525390625,-71.224365234375,14.33154296875,7.531836032867432,4.306640625,251.28173828125,38.818359375,41.80908203125,153.863525390625,-71.224365234375,14.33154296875,7.531836032867432,4.306640625,251.28173828125,38.818359375,41.80908203125,153.863525390625,-71.224365234375,14.33154296875,7.531836032867432,4.340136528015137,251.28173828125,100.9521484375,106.0791015625,176.7425537109375,-46.373291015625,14.33154296875,7.531836032867432,4.340136528015137,251.28173828125,100.9521484375,106.0791015625,176.7425537109375,-46.373291015625,14.33154296875,7.531836032867432,4.340136528015137,251.28173828125,100.9521484375,106.0791015625,176.7425537109375,-46.373291015625,14.33154296875,7.531836032867432,4.340136528015137,251.28173828125,100.9521484375,106.0791015625,176.7425537109375,-46.373291015625,11.728418350219727,7.531836032867432,4.340136528015137,251.28173828125,100.9521484375,106.0791015625,176.7425537109375,-46.373291015625,11.728418350219727,7.531836032867432,4.340136528015137,251.28173828125,100.9521484375,106.0791015625,176.7425537109375,-46.373291015625,11.728418350219727,7.531836032867432,4.340136528015137,251.28173828125,100.9521484375,106.0791015625,176.7425537109375,-46.373291015625,11.728418350219727,7.531836032867432,4.340136528015137,251.28173828125,100.9521484375,106.0791015625,176.7425537109375,-46.373291015625,11.728418350219727,7.531836032867432,4.340136528015137,251.28173828125,100.9521484375,106.0791015625,176.7425537109375,-46.373291015625,11.728418350219727,1.53125,4.340136528015137,75.62255859375,100.9521484375,106.0791015625,176.7425537109375,-46.373291015625,11.728418350219727,1.512109398841858,4.340136528015137,75.62255859375,100.9521484375,106.0791015625,176.7425537109375,-46.373291015625,11.728418350219727,1.512109398841858,4.340136528015137,75.62255859375,100.9521484375,106.0791015625,176.7425537109375,-46.373291015625,9.3310546875,-1.8566405773162842,-0.9139648675918579,44.921875,30.2734375,37.04833984375,-116.1309814453125,-46.593017578125,9.173144340515137,-1.8566405773162842,-0.9618164300918579,36.68212890625,30.2734375,13.73291015625,-116.1309814453125,-46.593017578125,9.173144340515137,-1.8566405773162842,-0.9618164300918579,36.68212890625,30.2734375,13.73291015625,-116.1309814453125,-46.593017578125,9.843066215515137,0.42109376192092896,3.6654295921325684,36.68212890625,30.2734375,13.73291015625,-116.2408447265625,-46.593017578125
4,34.0,6.632226467132568,2.593554735183716,-7.283007621765137,13.12255859375,3.23486328125,3.60107421875,169.453125,-37.4853515625,6.632226467132568,2.593554735183716,-7.283007621765137,13.12255859375,3.23486328125,3.60107421875,169.453125,-37.4853515625,6.632226467132568,2.593554735183716,-7.283007621765137,13.12255859375,3.23486328125,3.60107421875,169.453125,-37.4853515625,11.503515243530273,3.191699266433716,0.01914062537252903,57.55615234375,153.38134765625,58.41064453125,169.453125,-37.4853515625,11.503515243530273,3.670214891433716,3.363964796066284,81.298828125,153.38134765625,58.41064453125,169.453125,-37.4853515625,11.503515243530273,3.670214891433716,3.363964796066284,81.298828125,153.38134765625,58.41064453125,169.453125,-37.4853515625,11.503515243530273,3.670214891433716,3.363964796066284,81.298828125,153.38134765625,58.41064453125,169.453125,-37.4853515625,11.503515243530273,3.670214891433716,3.363964796066284,81.298828125,153.38134765625,58.41064453125,169.453125,-37.4853515625,11.503515243530273,3.670214891433716,3.363964796066284,81.298828125,153.38134765625,58.41064453125,169.453125,-37.4853515625,11.503515243530273,3.670214891433716,3.363964796066284,81.298828125,153.38134765625,58.41064453125,169.453125,-37.4853515625,11.503515243530273,3.670214891433716,3.363964796066284,81.298828125,153.38134765625,58.41064453125,169.453125,-37.4853515625,11.503515243530273,3.670214891433716,3.363964796066284,81.298828125,153.38134765625,58.41064453125,169.453125,-38.5235595703125,11.503515243530273,3.670214891433716,3.363964796066284,81.298828125,153.38134765625,58.41064453125,169.365234375,-40.0286865234375,11.503515243530273,3.670214891433716,3.363964796066284,81.298828125,153.38134765625,58.41064453125,169.365234375,-40.0286865234375,11.503515243530273,3.670214891433716,3.363964796066284,81.298828125,153.38134765625,58.41064453125,169.365234375,-40.0286865234375,11.039355278015137,3.670214891433716,3.363964796066284,81.298828125,10.19287109375,11.90185546875,53.9373779296875,-75.047607421875,10.713964462280273,2.521777391433716,2.0576171875,12.14599609375,10.68115234375,11.90185546875,53.9373779296875,-75.047607421875,10.713964462280273,2.521777391433716,2.0576171875,12.14599609375,10.68115234375,11.90185546875,53.9373779296875,-75.047607421875,10.713964462280273,2.2920899391174316,1.7370116710662842,9.70458984375,10.68115234375,11.90185546875,53.5528564453125,-75.047607421875,10.713964462280273,1.0144531726837158,1.4738280773162842,9.70458984375,10.68115234375,4.5166015625,31.4208984375,-81.10107421875,10.713964462280273,1.0144531726837158,1.4738280773162842,9.70458984375,10.68115234375,4.21142578125,31.4208984375,-81.10107421875,10.713964462280273,1.0144531726837158,1.4738280773162842,9.70458984375,10.68115234375,4.21142578125,31.4208984375,-81.10107421875,10.713964462280273,1.0144531726837158,1.4738280773162842,9.70458984375,10.68115234375,4.21142578125,31.4373779296875,-81.10107421875,10.058398246765137,1.0144531726837158,1.4738280773162842,9.70458984375,10.68115234375,4.21142578125,31.4373779296875,-81.10107421875,10.221094131469727,0.851757824420929,1.5216796398162842,9.70458984375,10.68115234375,4.21142578125,34.7607421875,-81.463623046875,10.340723037719727,3.789843797683716,2.909374952316284,77.33154296875,14.5263671875,28.99169921875,107.8857421875,-67.313232421875,10.340723037719727,3.789843797683716,2.909374952316284,77.33154296875,14.5263671875,28.99169921875,162.421875,-43.824462890625,10.340723037719727,3.789843797683716,2.909374952316284,77.33154296875,14.5263671875,28.99169921875,164.4049072265625,-43.824462890625,10.340723037719727,3.789843797683716,2.909374952316284,77.33154296875,14.5263671875,28.99169921875,164.4049072265625,-43.824462890625,10.340723037719727,3.789843797683716,2.909374952316284,77.33154296875,14.5263671875,28.99169921875,164.4049072265625,-43.824462890625,10.340723037719727,3.789843797683716,2.909374952316284,77.33154296875,14.5263671875,28.99169921875,164.4049072265625,-43.824462890625
5,39.0,18.346288681030273,3.789843797683716,22.423242568969727,55.96923828125,66.10107421875,13.3056640625,179.6484375,-75.794677734375,18.346288681030273,3.789843797683716,22.423242568969727,55.96923828125,66.10107421875,13.3056640625,179.6484375,-75.794677734375,18.346288681030273,3.789843797683716,22.423242568969727,55.96923828125,66.10107421875,13.3056640625,179.9066162109375,-75.794677734375,18.346288681030273,3.789843797683716,22.423242568969727,55.96923828125,66.10107421875,13.3056640625,179.9066162109375,-66.456298828125,18.346288681030273,3.789843797683716,22.423242568969727,55.96923828125,66.10107421875,13.3056640625,179.9066162109375,-65.3082275390625,18.346288681030273,3.789843797683716,22.423242568969727,55.96923828125,66.10107421875,13.3056640625,179.9066162109375,-65.3082275390625,18.346288681030273,3.789843797683716,22.423242568969727,55.96923828125,66.10107421875,13.3056640625,179.9066162109375,-65.3082275390625,18.346288681030273,3.789843797683716,22.423242568969727,55.96923828125,66.10107421875,13.3056640625,179.9066162109375,-65.3082275390625,13.551562309265137,2.5648436546325684,3.4931640625,55.96923828125,28.50341796875,9.70458984375,179.9066162109375,-65.3082275390625,10.891016006469727,2.5648436546325684,0.05263672024011612,42.8466796875,28.50341796875,9.70458984375,179.9066162109375,-65.3082275390625,10.891016006469727,2.5648436546325684,0.05263672024011612,42.8466796875,28.50341796875,9.70458984375,179.9066162109375,-65.3082275390625,12.03466796875,3.3543944358825684,0.10527344048023224,42.8466796875,46.7529296875,22.76611328125,179.9066162109375,-65.3082275390625,12.03466796875,3.3543944358825684,0.10527344048023224,42.8466796875,46.7529296875,22.76611328125,179.9066162109375,-65.3082275390625,12.03466796875,3.3543944358825684,0.10527344048023224,42.8466796875,46.7529296875,22.76611328125,179.9066162109375,-65.3082275390625,12.03466796875,3.3543944358825684,0.10527344048023224,42.8466796875,46.7529296875,22.76611328125,179.89013671875,-65.3082275390625,12.03466796875,3.3543944358825684,0.10527344048023224,42.8466796875,46.7529296875,22.76611328125,179.89013671875,-65.3082275390625,12.03466796875,3.3543944358825684,0.10527344048023224,37.29248046875,46.7529296875,22.76611328125,168.387451171875,-70.9332275390625,12.03466796875,3.3543944358825684,0.10527344048023224,37.29248046875,46.7529296875,22.76611328125,168.387451171875,-70.9332275390625,12.03466796875,3.3543944358825684,0.10527344048023224,37.29248046875,46.7529296875,22.76611328125,168.387451171875,-70.9332275390625,12.03466796875,3.3543944358825684,0.10527344048023224,37.29248046875,46.7529296875,22.76611328125,168.387451171875,-70.9332275390625,12.03466796875,3.3543944358825684,0.10527344048023224,37.29248046875,46.7529296875,22.76611328125,168.387451171875,-70.9332275390625,12.03466796875,3.3543944358825684,0.10527344048023224,37.29248046875,46.7529296875,22.76611328125,168.387451171875,-70.9332275390625,12.03466796875,3.3543944358825684,0.10527344048023224,37.29248046875,46.7529296875,22.76611328125,164.46533203125,-70.9332275390625,9.766504287719727,1.5934569835662842,-1.416406273841858,2.44140625,2.8076171875,5.9814453125,154.5941162109375,-77.3876953125,10.048828125,2.4117188453674316,-0.9139648675918579,44.3115234375,7.4462890625,18.37158203125,154.7039794921875,-75.7012939453125,10.048828125,2.4117188453674316,-0.9139648675918579,44.3115234375,7.4462890625,18.37158203125,154.7039794921875,-75.7012939453125,10.048828125,2.4117188453674316,-0.9139648675918579,44.3115234375,7.4462890625,18.37158203125,154.7039794921875,-75.7012939453125,10.048828125,2.4117188453674316,-0.9139648675918579,44.3115234375,7.4462890625,18.37158203125,154.7039794921875,-75.7012939453125,10.048828125,2.4117188453674316,-0.9139648675918579,44.3115234375,7.4462890625,18.37158203125,154.7039794921875,-75.7012939453125,10.048828125,2.4117188453674316,-0.9139648675918579,44.3115234375,7.4462890625,18.37158203125,154.7039794921875,-75.7012939453125,10.048828125,2.4117188453674316,-0.9139648675918579,44.3115234375,7.4462890625,18.37158203125,154.7039794921875,-75.7012939453125
6,43.0,7.780663967132568,1.550390601158142,-6.804491996765137,24.90234375,18.6767578125,14.70947265625,179.989013671875,-36.03515625,7.780663967132568,1.550390601158142,-6.804491996765137,24.90234375,18.6767578125,14.70947265625,179.989013671875,-36.03515625,11.704492568969727,12.020312309265137,-1.8566405773162842,125.1220703125,42.6025390625,39.6728515625,179.989013671875,-23.148193359375,11.704492568969727,12.020312309265137,-1.8566405773162842,125.1220703125,42.6025390625,40.46630859375,179.989013671875,-20.994873046875,11.704492568969727,12.020312309265137,-1.8566405773162842,125.1220703125,42.6025390625,40.46630859375,179.989013671875,-18.2537841796875,11.704492568969727,12.020312309265137,-1.8566405773162842,125.1220703125,42.6025390625,40.46630859375,179.989013671875,-18.2537841796875,11.704492568969727,12.020312309265137,-1.8566405773162842,125.1220703125,42.6025390625,40.46630859375,179.989013671875,-18.2537841796875,11.704492568969727,12.020312309265137,-1.8566405773162842,125.1220703125,47.91259765625,44.921875,179.989013671875,-18.2537841796875,11.704492568969727,12.020312309265137,-1.8566405773162842,125.1220703125,47.91259765625,44.921875,179.989013671875,-18.2537841796875,11.704492568969727,12.020312309265137,-1.8566405773162842,125.1220703125,47.91259765625,44.921875,179.989013671875,-18.2537841796875,11.704492568969727,12.020312309265137,-1.8566405773162842,125.1220703125,47.91259765625,44.921875,179.9835205078125,-18.2537841796875,11.704492568969727,12.020312309265137,-1.8566405773162842,125.1220703125,47.91259765625,44.921875,178.7310791015625,-18.2537841796875,11.704492568969727,12.020312309265137,-1.8566405773162842,125.1220703125,47.91259765625,44.921875,177.71484375,-18.2537841796875,11.704492568969727,12.020312309265137,-1.8566405773162842,125.1220703125,47.91259765625,44.921875,175.7373046875,-18.2537841796875,7.407422065734863,8.680273056030273,-4.397558689117432,61.82861328125,47.91259765625,44.921875,153.4295654296875,-18.2537841796875,7.407422065734863,8.680273056030273,-4.397558689117432,61.82861328125,47.91259765625,44.921875,148.8482666015625,-18.2537841796875,7.192090034484863,8.68505859375,-3.0337891578674316,61.82861328125,47.91259765625,44.921875,147.7276611328125,-18.8250732421875,7.192090034484863,8.68505859375,-3.0337891578674316,61.82861328125,47.91259765625,44.921875,147.7276611328125,-18.8250732421875,7.192090034484863,8.68505859375,-3.0337891578674316,61.82861328125,47.91259765625,44.921875,147.7276611328125,-18.8250732421875,8.153905868530273,8.68505859375,-3.0337891578674316,47.2412109375,63.8427734375,44.921875,144.9481201171875,-20.8026123046875,8.153905868530273,8.68505859375,-2.646191358566284,47.2412109375,63.8427734375,38.0859375,144.9481201171875,-20.93994140625,8.153905868530273,8.68505859375,-2.646191358566284,47.2412109375,63.8427734375,32.1044921875,144.9481201171875,-20.93994140625,8.153905868530273,8.68505859375,-2.646191358566284,47.2412109375,63.8427734375,32.1044921875,144.9481201171875,-20.93994140625,8.153905868530273,8.68505859375,-2.646191358566284,98.14453125,63.8427734375,52.55126953125,151.9903564453125,-20.93994140625,8.153905868530273,8.68505859375,-2.646191358566284,98.14453125,63.8427734375,52.55126953125,151.9903564453125,-20.93994140625,8.153905868530273,8.68505859375,-2.646191358566284,98.14453125,63.8427734375,52.55126953125,151.9903564453125,-20.93994140625,8.153905868530273,8.68505859375,-2.646191358566284,98.14453125,63.8427734375,52.55126953125,151.9903564453125,-20.93994140625,8.153905868530273,8.68505859375,-2.646191358566284,98.14453125,63.8427734375,52.55126953125,151.9903564453125,-20.93994140625,8.153905868530273,8.450586318969727,-2.646191358566284,98.14453125,63.8427734375,52.55126953125,151.9903564453125,-20.93994140625,8.153905868530273,8.450586318969727,-2.646191358566284,98.14453125,63.8427734375,52.55126953125,151.9903564453125,-20.93994140625,8.153905868530273,8.450586318969727,-2.646191358566284,98.14453125,63.8427734375,52.55126953125,151.9903564453125,-20.93994140625
7,46.0,12.671093940734863,2.6844725608825684,0.25361329317092896,134.46044921875,68.603515625,64.75830078125,179.4232177734375,-28.2073974609375,12.671093940734863,2.6844725608825684,0.25361329317092896,134.46044921875,68.603515625,64.75830078125,179.4232177734375,-28.2073974609375,12.671093940734863,2.6844725608825684,0.25361329317092896,134.46044921875,68.603515625,64.75830078125,179.4232177734375,-28.2073974609375,12.671093940734863,2.6844725608825684,0.25361329317092896,134.46044921875,68.603515625,64.75830078125,178.8409423828125,-28.2073974609375,12.671093940734863,2.6844725608825684,-0.24882812798023224,89.05029296875,68.603515625,57.18994140625,-129.1607666015625,-28.2073974609375,7.311718940734863,-0.6890624761581421,-5.033984184265137,25.32958984375,13.00048828125,57.18994140625,-140.009765625,-28.2073974609375,7.311718940734863,-0.6890624761581421,-6.455175876617432,25.32958984375,11.77978515625,25.32958984375,-145.7720947265625,-28.2073974609375,7.311718940734863,-0.6890624761581421,-6.455175876617432,18.4326171875,9.58251953125,25.32958984375,-145.7720947265625,-28.2073974609375,7.311718940734863,-0.6890624761581421,-6.455175876617432,20.08056640625,9.58251953125,25.32958984375,-145.7720947265625,-28.267822265625,7.311718940734863,-0.6890624761581421,-6.455175876617432,20.08056640625,9.58251953125,25.32958984375,-145.7720947265625,-28.487548828125,7.311718940734863,-0.6890624761581421,-6.455175876617432,20.08056640625,13.61083984375,25.32958984375,-145.7720947265625,-29.50927734375,7.311718940734863,-0.6890624761581421,-6.416894435882568,20.08056640625,13.61083984375,25.32958984375,-142.767333984375,-29.970703125,7.311718940734863,-0.6890624761581421,-6.383398532867432,20.08056640625,13.61083984375,27.28271484375,-142.767333984375,-31.640625,9.311914443969727,4.675097465515137,-1.9523437023162842,24.10888671875,109.06982421875,64.39208984375,-141.163330078125,-31.640625,9.819140434265137,4.675097465515137,-1.9523437023162842,73.73046875,109.06982421875,64.39208984375,-138.834228515625,-16.1114501953125,11.608789443969727,4.675097465515137,0.20576171576976776,116.51611328125,109.06982421875,64.39208984375,-94.9383544921875,-16.1114501953125,11.608789443969727,4.675097465515137,0.20576171576976776,116.51611328125,109.06982421875,64.39208984375,-94.9383544921875,-16.1114501953125,11.608789443969727,4.675097465515137,0.20576171576976776,116.51611328125,109.06982421875,64.39208984375,-94.9383544921875,-16.1114501953125,11.608789443969727,4.675097465515137,0.20576171576976776,116.51611328125,109.06982421875,64.39208984375,-94.9383544921875,-16.1114501953125,11.608789443969727,4.675097465515137,0.20576171576976776,116.51611328125,109.06982421875,64.39208984375,-94.9383544921875,-16.1114501953125,11.608789443969727,4.675097465515137,0.20576171576976776,116.51611328125,109.06982421875,64.39208984375,-94.9383544921875,-16.1114501953125,11.608789443969727,4.675097465515137,0.20576171576976776,116.51611328125,109.06982421875,64.39208984375,-94.9383544921875,-16.1114501953125,18.451562881469727,4.675097465515137,6.306836128234863,116.51611328125,178.89404296875,64.39208984375,177.8082275390625,-16.1114501953125,18.451562881469727,4.675097465515137,6.306836128234863,116.51611328125,178.89404296875,64.39208984375,177.8082275390625,-16.1114501953125,18.451562881469727,5.823534965515137,6.306836128234863,116.51611328125,178.89404296875,64.39208984375,177.8082275390625,-16.1114501953125,18.451562881469727,5.823534965515137,6.306836128234863,116.51611328125,178.89404296875,57.2509765625,178.2257080078125,-16.1114501953125,18.451562881469727,5.823534965515137,6.306836128234863,116.51611328125,178.89404296875,42.29736328125,179.5220947265625,-21.258544921875,18.451562881469727,5.823534965515137,6.306836128234863,91.73583984375,178.89404296875,42.29736328125,179.5770263671875,-21.258544921875,18.451562881469727,5.823534965515137,6.306836128234863,91.73583984375,178.89404296875,42.29736328125,179.5770263671875,-21.258544921875,18.451562881469727,5.823534965515137,6.306836128234863,91.73583984375,178.89404296875,42.29736328125,179.5770263671875,-21.357421875,18.451562881469727,5.823534965515137,6.306836128234863,91.73583984375,178.89404296875,42.29736328125,179.9945068359375,-25.5487060546875
8,51.0,10.02490234375,3.813769578933716,-0.966601550579071,129.21142578125,25.08544921875,9.33837890625,168.486328125,-73.3612060546875,9.938769340515137,1.990625023841858,-1.4977538585662842,6.2255859375,3.0517578125,8.11767578125,168.486328125,-74.0753173828125,9.938769340515137,1.990625023841858,-1.4977538585662842,6.2255859375,3.0517578125,8.11767578125,168.486328125,-74.0753173828125,9.938769340515137,1.990625023841858,-1.4977538585662842,6.2255859375,3.0517578125,8.11767578125,168.486328125,-74.0753173828125,9.9052734375,1.990625023841858,-1.6604492664337158,6.2255859375,3.11279296875,6.8359375,166.640625,-76.036376953125,12.259570121765137,6.828417778015137,13.331445693969727,112.060546875,73.42529296875,37.78076171875,175.5120849609375,-46.6424560546875,12.259570121765137,6.828417778015137,13.331445693969727,112.060546875,73.42529296875,37.78076171875,175.5120849609375,-46.6424560546875,12.259570121765137,6.828417778015137,13.331445693969727,112.060546875,73.42529296875,37.78076171875,175.5120849609375,-46.6424560546875,12.259570121765137,6.828417778015137,13.331445693969727,112.060546875,73.42529296875,37.78076171875,175.5120849609375,-46.6424560546875,12.259570121765137,6.828417778015137,13.331445693969727,112.060546875,73.42529296875,37.78076171875,175.5120849609375,-46.6424560546875,12.259570121765137,6.828417778015137,13.331445693969727,112.060546875,73.42529296875,37.78076171875,175.5120849609375,-46.6424560546875,12.259570121765137,6.828417778015137,13.331445693969727,112.060546875,73.42529296875,37.78076171875,175.5120849609375,-46.6424560546875,12.259570121765137,6.828417778015137,13.331445693969727,112.060546875,73.42529296875,37.78076171875,175.5120849609375,-46.6424560546875,12.259570121765137,6.828417778015137,13.331445693969727,112.060546875,73.42529296875,37.78076171875,175.5120849609375,-46.6424560546875,12.259570121765137,6.828417778015137,13.331445693969727,112.060546875,73.42529296875,37.78076171875,175.5120849609375,-46.6424560546875,12.259570121765137,6.828417778015137,13.331445693969727,112.060546875,73.42529296875,37.78076171875,175.5120849609375,-46.6424560546875,12.259570121765137,6.828417778015137,13.331445693969727,112.060546875,73.42529296875,37.78076171875,175.5120849609375,-46.6424560546875,11.254687309265137,4.277929782867432,9.25927734375,111.63330078125,25.146484375,23.4375,141.1798095703125,-46.95556640625,11.144628524780273,3.8329100608825684,3.359179735183716,111.63330078125,25.146484375,23.4375,141.1798095703125,-68.818359375,10.40771484375,3.8329100608825684,2.569628953933716,111.63330078125,25.146484375,23.13232421875,141.1798095703125,-70.279541015625,10.40771484375,3.8329100608825684,0.40673828125,111.63330078125,25.146484375,23.13232421875,141.1798095703125,-73.3447265625,10.40771484375,3.8329100608825684,0.40673828125,111.63330078125,25.146484375,23.13232421875,141.1798095703125,-74.1192626953125,10.40771484375,3.8329100608825684,0.40673828125,111.63330078125,25.146484375,19.287109375,141.1798095703125,-73.89404296875,10.2880859375,3.478808641433716,0.19140625,44.25048828125,17.7001953125,12.8173828125,141.1798095703125,-73.89404296875,10.2880859375,3.478808641433716,0.19140625,44.25048828125,17.7001953125,12.8173828125,141.1798095703125,-73.89404296875,10.2880859375,3.478808641433716,0.19140625,44.25048828125,17.7001953125,12.8173828125,141.1798095703125,-73.89404296875,,,,,,,,,,,,,,,,,,,,,,,,,,,,,,,,,,,,,,,,
9,57.0,10.828808784484863,3.454882860183716,-2.067187547683716,108.5205078125,71.10595703125,64.208984375,179.9835205078125,-57.139892578125,10.828808784484863,3.454882860183716,-2.067187547683716,108.5205078125,71.10595703125,64.208984375,179.9835205078125,-57.0849609375,10.828808784484863,3.454882860183716,-2.067187547683716,108.5205078125,71.10595703125,64.208984375,179.9835205078125,-56.62353515625,10.828808784484863,3.454882860183716,-2.067187547683716,108.5205078125,71.10595703125,64.208984375,179.9835205078125,-56.151123046875,10.828808784484863,3.454882860183716,-2.067187547683716,108.5205078125,71.10595703125,64.208984375,179.9945068359375,-56.151123046875,10.828808784484863,3.454882860183716,-2.067187547683716,108.5205078125,71.10595703125,64.208984375,179.9945068359375,-56.151123046875,10.828808784484863,3.454882860183716,-2.067187547683716,108.5205078125,71.10595703125,64.208984375,179.9945068359375,-56.151123046875,10.828808784484863,3.454882860183716,-2.067187547683716,108.5205078125,71.10595703125,64.208984375,179.9945068359375,-56.151123046875,10.828808784484863,3.454882860183716,-2.067187547683716,108.5205078125,71.10595703125,64.208984375,179.9945068359375,-56.151123046875,10.828808784484863,3.454882860183716,-2.067187547683716,108.5205078125,71.10595703125,64.208984375,179.9945068359375,-56.151123046875,10.828808784484863,3.454882860183716,-2.067187547683716,108.5205078125,71.10595703125,64.208984375,179.9945068359375,-56.151123046875,10.828808784484863,2.713183641433716,-2.067187547683716,108.5205078125,71.10595703125,53.77197265625,179.9945068359375,-56.151123046875,9.718652725219727,0.7943359613418579,-4.8330078125,20.1416015625,4.82177734375,7.2021484375,179.9945068359375,-56.151123046875,9.718652725219727,0.7943359613418579,-4.8330078125,20.1416015625,4.8828125,7.2021484375,179.9945068359375,-56.151123046875,9.718652725219727,0.7943359613418579,-4.8330078125,20.1416015625,4.8828125,7.2021484375,179.9945068359375,-56.151123046875,9.718652725219727,0.7943359613418579,-4.8330078125,20.1416015625,4.8828125,7.2021484375,179.9945068359375,-56.4862060546875,9.718652725219727,0.7943359613418579,-4.8330078125,20.1416015625,4.8828125,7.568359375,179.9945068359375,-56.7608642578125,9.718652725219727,0.7943359613418579,-4.8330078125,20.1416015625,4.8828125,7.568359375,179.9945068359375,-56.865234375,9.718652725219727,0.7943359613418579,-4.8330078125,20.1416015625,4.8828125,7.568359375,179.9945068359375,-56.8707275390625,9.718652725219727,1.0862305164337158,-4.8330078125,20.1416015625,4.8828125,14.83154296875,179.9945068359375,-56.2060546875,9.283203125,1.0862305164337158,-4.8330078125,20.1416015625,4.8828125,14.83154296875,179.9945068359375,-56.2060546875,8.895605087280273,1.0862305164337158,-4.8330078125,7.2021484375,4.8828125,14.83154296875,179.9945068359375,-56.2060546875,8.895605087280273,1.0862305164337158,-4.80908203125,7.2021484375,4.8828125,14.83154296875,179.9945068359375,-56.2060546875,8.895605087280273,1.0862305164337158,-4.80908203125,7.2021484375,7.6904296875,14.83154296875,179.9945068359375,-56.2060546875,8.857324600219727,1.0862305164337158,-4.80908203125,7.2021484375,7.6904296875,14.83154296875,179.9945068359375,-56.2060546875,8.857324600219727,1.0862305164337158,-4.799511909484863,7.2021484375,7.6904296875,14.83154296875,179.9945068359375,-56.2060546875,8.857324600219727,1.0862305164337158,-4.799511909484863,7.2021484375,7.6904296875,14.83154296875,179.9945068359375,-56.2060546875,8.857324600219727,1.0862305164337158,-4.799511909484863,7.2021484375,7.6904296875,14.83154296875,179.9945068359375,-56.2060546875,8.857324600219727,1.0862305164337158,-4.799511909484863,7.2021484375,7.6904296875,14.83154296875,179.9725341796875,-56.2060546875,8.857324600219727,1.0862305164337158,-4.799511909484863,7.2021484375,7.6904296875,14.83154296875,179.9725341796875,-56.2060546875,8.857324600219727,1.0862305164337158,-4.799511909484863,7.2021484375,7.6904296875,14.83154296875,179.9725341796875,-56.2060546875
10,71.0,26.997852325439453,11.685351371765137,14.341113090515137,89.17236328125,69.64111328125,80.810546875,152.33642578125,-54.931640625,26.997852325439453,11.685351371765137,14.341113090515137,89.17236328125,69.64111328125,80.810546875,152.33642578125,-54.931640625,26.997852325439453,11.685351371765137,14.341113090515137,89.17236328125,69.64111328125,80.810546875,152.33642578125,-54.931640625,26.997852325439453,11.685351371765137,14.341113090515137,89.17236328125,69.64111328125,80.810546875,152.33642578125,-54.931640625,26.997852325439453,11.685351371765137,14.341113090515137,89.17236328125,69.64111328125,80.810546875,152.33642578125,-54.931640625,26.997852325439453,11.685351371765137,14.341113090515137,89.17236328125,69.64111328125,80.810546875,152.33642578125,-54.931640625,26.997852325439453,11.685351371765137,14.341113090515137,89.17236328125,69.64111328125,80.810546875,152.33642578125,-54.931640625,26.997852325439453,11.685351371765137,14.341113090515137,89.17236328125,69.64111328125,80.810546875,149.0789794921875,-54.931640625,26.997852325439453,11.685351371765137,14.341113090515137,89.17236328125,69.64111328125,80.810546875,149.0789794921875,-54.931640625,26.997852325439453,11.685351371765137,14.341113090515137,89.17236328125,69.64111328125,80.810546875,149.0789794921875,-54.931640625,26.997852325439453,11.685351371765137,14.341113090515137,89.17236328125,69.64111328125,80.810546875,147.183837890625,-54.931640625,26.997852325439453,11.685351371765137,14.341113090515137,89.17236328125,69.64111328125,80.810546875,19.4293212890625,-54.931640625,11.89111328125,4.588964939117432,6.780566215515137,37.353515625,28.80859375,14.0380859375,128.86962890625,-58.414306640625,11.89111328125,8.115625381469727,6.761425971984863,91.73583984375,32.470703125,19.34814453125,128.86962890625,-67.027587890625,12.173437118530273,8.115625381469727,6.761425971984863,91.73583984375,32.470703125,37.90283203125,133.1103515625,-67.027587890625,12.173437118530273,8.115625381469727,6.761425971984863,91.73583984375,32.470703125,37.90283203125,133.1103515625,-67.027587890625,12.173437118530273,8.115625381469727,6.761425971984863,91.73583984375,32.470703125,37.90283203125,133.1103515625,-67.027587890625,12.173437118530273,8.115625381469727,6.761425971984863,91.73583984375,32.470703125,37.90283203125,133.1103515625,-67.5604248046875,12.173437118530273,8.115625381469727,6.761425971984863,91.73583984375,34.24072265625,37.90283203125,133.1103515625,-68.302001953125,12.173437118530273,8.115625381469727,6.761425971984863,91.73583984375,34.24072265625,37.90283203125,133.1103515625,-69.0765380859375,12.173437118530273,8.115625381469727,6.761425971984863,91.73583984375,34.24072265625,37.90283203125,133.1103515625,-69.136962890625,12.173437118530273,8.115625381469727,6.761425971984863,91.73583984375,34.24072265625,37.90283203125,133.1103515625,-69.136962890625,12.173437118530273,8.115625381469727,6.761425971984863,91.73583984375,34.423828125,37.90283203125,133.363037109375,-69.136962890625,12.173437118530273,8.115625381469727,6.761425971984863,91.73583984375,34.423828125,37.90283203125,133.5552978515625,-69.136962890625,12.173437118530273,8.115625381469727,5.354589939117432,91.73583984375,34.423828125,37.90283203125,133.5552978515625,-69.136962890625,12.173437118530273,6.000586032867432,5.354589939117432,62.1337890625,34.423828125,37.90283203125,133.5552978515625,-69.136962890625,10.79052734375,3.8951172828674316,1.6891601085662842,27.28271484375,34.423828125,33.63037109375,133.5552978515625,-70.7904052734375,10.79052734375,3.8951172828674316,1.6891601085662842,27.28271484375,34.423828125,33.63037109375,133.5552978515625,-70.7904052734375,10.79052734375,3.8951172828674316,1.6891601085662842,27.28271484375,34.423828125,33.63037109375,133.5552978515625,-70.7904052734375,10.79052734375,3.8951172828674316,1.6891601085662842,27.28271484375,34.423828125,33.63037109375,133.5552978515625,-70.7904052734375,10.79052734375,3.8951172828674316,1.6891601085662842,27.28271484375,34.423828125,29.1748046875,133.5552978515625,-70.7904052734375
11,72.0,9.441113471984863,-2.1724610328674316,-3.698925733566284,9.94873046875,9.3994140625,15.93017578125,-143.9263916015625,-51.361083984375,9.441113471984863,-2.1724610328674316,-3.698925733566284,9.94873046875,9.3994140625,15.93017578125,-142.613525390625,-51.361083984375,28.428613662719727,11.2451171875,23.839649200439453,156.18896484375,141.29638671875,58.2275390625,177.1875,-47.7685546875,28.428613662719727,11.2451171875,23.839649200439453,156.18896484375,148.4375,60.24169921875,179.6099853515625,-44.681396484375,28.428613662719727,34.615821838378906,23.839649200439453,248.6572265625,148.4375,60.24169921875,179.6099853515625,-44.681396484375,28.428613662719727,34.615821838378906,23.839649200439453,248.6572265625,148.4375,60.24169921875,179.6099853515625,-44.681396484375,28.428613662719727,34.615821838378906,23.839649200439453,248.6572265625,148.4375,60.24169921875,179.6099853515625,-44.681396484375,28.428613662719727,34.615821838378906,23.839649200439453,248.6572265625,148.4375,60.24169921875,179.6099853515625,-44.681396484375,28.428613662719727,34.615821838378906,23.839649200439453,248.6572265625,148.4375,60.24169921875,179.6099853515625,-44.681396484375,28.428613662719727,34.615821838378906,23.839649200439453,248.6572265625,148.4375,60.24169921875,179.6099853515625,-44.681396484375,28.428613662719727,34.615821838378906,23.839649200439453,248.6572265625,148.4375,60.24169921875,179.6099853515625,-44.681396484375,28.428613662719727,34.615821838378906,23.839649200439453,248.6572265625,148.4375,60.24169921875,179.6099853515625,-44.681396484375,28.428613662719727,34.615821838378906,23.839649200439453,248.6572265625,148.4375,60.24169921875,179.6099853515625,-44.681396484375,28.428613662719727,34.615821838378906,23.839649200439453,248.6572265625,148.4375,60.24169921875,179.6099853515625,-44.681396484375,17.839061737060547,34.615821838378906,18.0400390625,248.6572265625,148.4375,60.24169921875,179.6099853515625,-44.681396484375,17.839061737060547,34.615821838378906,18.0400390625,248.6572265625,76.96533203125,36.865234375,179.5989990234375,-56.513671875,11.336034774780273,2.2203125953674316,3.5123047828674316,13.3056640625,46.0205078125,19.83642578125,179.5989990234375,-71.004638671875,11.336034774780273,2.2203125953674316,3.5123047828674316,13.3056640625,46.0205078125,19.83642578125,168.8543701171875,-71.004638671875,11.336034774780273,2.2203125953674316,3.5123047828674316,13.3056640625,46.0205078125,19.83642578125,173.5345458984375,-71.0101318359375,11.336034774780273,2.2203125953674316,3.5123047828674316,13.3056640625,46.0205078125,19.83642578125,179.9285888671875,-69.0435791015625,11.336034774780273,2.2203125953674316,3.5123047828674316,13.3056640625,46.0205078125,19.83642578125,179.989013671875,-69.0435791015625,11.336034774780273,2.2203125953674316,3.5123047828674316,20.32470703125,46.0205078125,20.44677734375,179.989013671875,-62.7923583984375,11.336034774780273,2.2203125953674316,3.5123047828674316,20.32470703125,46.0205078125,20.44677734375,179.989013671875,-62.7923583984375,11.336034774780273,2.2203125953674316,3.5123047828674316,20.32470703125,46.0205078125,20.44677734375,179.989013671875,-62.7923583984375,11.336034774780273,2.2203125953674316,3.5123047828674316,20.32470703125,46.0205078125,20.44677734375,179.989013671875,-62.7923583984375,11.336034774780273,2.2203125953674316,3.5123047828674316,20.32470703125,46.0205078125,20.44677734375,179.989013671875,-62.7923583984375,10.541699409484863,1.6652343273162842,-0.16748046875,20.32470703125,20.93505859375,20.44677734375,179.989013671875,-62.7923583984375,10.541699409484863,0.8661133050918579,-1.488183617591858,20.32470703125,20.93505859375,20.44677734375,179.989013671875,-62.7923583984375,10.541699409484863,0.8661133050918579,-1.488183617591858,20.32470703125,20.93505859375,20.44677734375,179.989013671875,-62.7923583984375,10.541699409484863,0.823046863079071,-1.933203101158142,20.32470703125,20.93505859375,20.44677734375,179.989013671875,-62.33642578125,10.541699409484863,0.78955078125,-1.933203101158142,20.32470703125,20.93505859375,20.44677734375,179.989013671875,-62.33642578125
12,77.0,13.211816787719727,4.076952934265137,1.6365234851837158,69.27490234375,57.55615234375,42.96875,179.967041015625,-55.1568603515625,13.211816787719727,4.076952934265137,1.6365234851837158,69.27490234375,57.55615234375,42.96875,179.989013671875,-52.6849365234375,13.211816787719727,4.076952934265137,1.6365234851837158,69.27490234375,57.55615234375,42.96875,179.989013671875,-52.6849365234375,13.211816787719727,4.076952934265137,1.6365234851837158,69.27490234375,57.55615234375,42.96875,179.989013671875,-52.6849365234375,13.211816787719727,4.076952934265137,1.6365234851837158,69.27490234375,57.55615234375,42.96875,179.989013671875,-52.6849365234375,13.211816787719727,4.076952934265137,1.6365234851837158,69.27490234375,57.55615234375,42.96875,179.989013671875,-52.6849365234375,10.891016006469727,2.574414014816284,-0.48808592557907104,67.2607421875,38.6962890625,42.96875,179.989013671875,-52.6849365234375,10.891016006469727,2.024121046066284,-0.48808592557907104,67.2607421875,38.6962890625,42.96875,179.989013671875,-52.6849365234375,10.891016006469727,1.8327147960662842,-0.48808592557907104,67.2607421875,38.6962890625,42.96875,179.989013671875,-52.6849365234375,10.891016006469727,1.8327147960662842,-0.48808592557907104,67.2607421875,38.6962890625,33.63037109375,179.989013671875,-52.6849365234375,10.5751953125,1.129296898841858,-0.48808592557907104,31.3720703125,38.6962890625,33.63037109375,179.989013671875,-52.6849365234375,10.5751953125,1.129296898841858,-0.48808592557907104,31.3720703125,38.6962890625,33.63037109375,179.989013671875,-52.6849365234375,10.5751953125,1.129296898841858,-0.48808592557907104,31.3720703125,38.6962890625,16.845703125,179.989013671875,-52.6849365234375,9.876562118530273,0.40673828125,-1.5408203601837158,11.04736328125,4.57763671875,16.845703125,179.6923828125,-53.9483642578125,9.876562118530273,0.40673828125,-1.5408203601837158,14.892578125,8.544921875,16.845703125,179.6923828125,-53.9483642578125,9.876562118530273,0.40673828125,-1.5408203601837158,20.3857421875,8.544921875,16.845703125,179.6923828125,-53.9483642578125,10.962793350219727,1.837499976158142,-0.8565429449081421,75.98876953125,32.2265625,23.49853515625,179.6923828125,-53.9483642578125,11.197265625,1.837499976158142,-0.8565429449081421,75.98876953125,32.2265625,23.49853515625,179.8956298828125,-53.9483642578125,11.197265625,1.837499976158142,-0.8565429449081421,75.98876953125,32.2265625,23.49853515625,179.8956298828125,-53.9483642578125,11.197265625,1.837499976158142,-0.8565429449081421,75.98876953125,32.2265625,23.49853515625,179.8956298828125,-53.9483642578125,11.857617378234863,4.249218940734863,8.393163681030273,75.98876953125,84.41162109375,23.62060546875,179.8956298828125,-41.561279296875,11.857617378234863,4.249218940734863,8.393163681030273,75.98876953125,84.41162109375,23.62060546875,179.8956298828125,-41.561279296875,11.857617378234863,4.249218940734863,8.393163681030273,75.98876953125,84.41162109375,23.62060546875,179.8956298828125,-41.561279296875,11.857617378234863,4.249218940734863,8.393163681030273,75.98876953125,84.41162109375,23.62060546875,179.8956298828125,-41.561279296875,11.857617378234863,4.249218940734863,8.393163681030273,75.98876953125,84.41162109375,23.62060546875,179.8956298828125,-41.561279296875,11.857617378234863,4.249218940734863,8.393163681030273,75.98876953125,84.41162109375,23.62060546875,179.8956298828125,-41.561279296875,11.857617378234863,4.249218940734863,8.393163681030273,75.98876953125,84.41162109375,30.70068359375,179.8956298828125,-41.561279296875,11.982030868530273,4.249218940734863,8.393163681030273,75.98876953125,84.41162109375,30.70068359375,179.8956298828125,-41.561279296875,11.982030868530273,4.249218940734863,8.393163681030273,70.9228515625,84.41162109375,30.70068359375,179.8956298828125,-41.561279296875,11.982030868530273,4.249218940734863,8.393163681030273,70.9228515625,84.41162109375,30.70068359375,177.9400634765625,-41.561279296875,11.982030868530273,4.249218940734863,8.393163681030273,70.9228515625,84.41162109375,30.70068359375,177.9400634765625,-41.561279296875
13,78.0,,,,,,,,,,,,,,,,,,,,,,,,,,,,,,,,,,,,,,,,,,,,,,,,,,,,,,,,,,,,,,,,,,,,,,,,,,,,,,,,,,,,,,,,,,,,,,,,,,,,,,,,,,,,,,,,,,,,,,,,,,,,,,,,,,,,,,,,,,,,,,,,,,,,,,,,,,,,,,,,,,,,,,,,,,,,,,,,,,,,,,,,,,,,,,,,,,,,,,,,,,,,,,,,,,,,,,,,,,,,,,,,,,,,,,,,,,,,,,,,,,,,,,,,
14,79.0,15.331640243530273,14.589941024780273,18.3271484375,500.1220703125,137.14599609375,98.9990234375,106.76513671875,-49.4110107421875,15.331640243530273,14.589941024780273,18.3271484375,500.1220703125,137.14599609375,98.9990234375,106.76513671875,-49.4110107421875,15.331640243530273,14.589941024780273,18.3271484375,500.1220703125,137.14599609375,98.9990234375,106.76513671875,-49.4110107421875,15.331640243530273,14.589941024780273,18.3271484375,500.1220703125,137.14599609375,98.9990234375,106.76513671875,-49.4110107421875,15.331640243530273,14.589941024780273,18.3271484375,500.1220703125,137.14599609375,98.9990234375,106.76513671875,-49.4110107421875,15.331640243530273,14.589941024780273,18.3271484375,500.1220703125,137.14599609375,98.9990234375,106.76513671875,-49.4110107421875,15.331640243530273,14.589941024780273,18.3271484375,500.1220703125,137.14599609375,98.9990234375,106.76513671875,-49.4110107421875,15.331640243530273,14.589941024780273,18.3271484375,500.1220703125,137.14599609375,98.9990234375,71.641845703125,-49.4110107421875,15.331640243530273,14.589941024780273,18.3271484375,500.1220703125,137.14599609375,98.9990234375,179.967041015625,-49.4110107421875,13.786035537719727,8.670702934265137,10.919726371765137,111.328125,112.60986328125,87.40234375,179.967041015625,-53.206787109375,13.786035537719727,8.670702934265137,10.919726371765137,111.328125,131.9580078125,87.40234375,179.967041015625,-53.206787109375,13.786035537719727,8.670702934265137,10.919726371765137,111.328125,131.9580078125,87.40234375,179.967041015625,-53.206787109375,13.786035537719727,8.670702934265137,10.919726371765137,111.328125,131.9580078125,87.40234375,179.967041015625,-53.206787109375,13.786035537719727,8.670702934265137,10.919726371765137,111.328125,131.9580078125,87.40234375,179.967041015625,-53.206787109375,13.786035537719727,8.670702934265137,10.919726371765137,111.328125,131.9580078125,87.40234375,179.967041015625,-53.206787109375,13.786035537719727,8.670702934265137,10.919726371765137,111.328125,131.9580078125,87.40234375,179.967041015625,-53.4210205078125,13.786035537719727,8.670702934265137,10.919726371765137,111.328125,135.498046875,87.40234375,179.967041015625,-53.4210205078125,13.786035537719727,8.670702934265137,10.919726371765137,111.328125,135.498046875,87.40234375,179.967041015625,-53.4210205078125,12.910351753234863,8.670702934265137,10.919726371765137,109.06982421875,135.498046875,87.40234375,179.967041015625,-57.0135498046875,12.910351753234863,6.704003810882568,8.06298828125,96.923828125,135.498046875,63.29345703125,179.967041015625,-58.6065673828125,12.910351753234863,6.704003810882568,8.06298828125,96.923828125,135.498046875,63.29345703125,179.9395751953125,-59.0679931640625,12.910351753234863,6.704003810882568,8.06298828125,96.923828125,135.498046875,63.29345703125,179.9395751953125,-59.0679931640625,11.623144149780273,3.244335889816284,8.06298828125,96.923828125,135.498046875,37.59765625,179.9395751953125,-59.0679931640625,11.623144149780273,10.9580078125,8.388379096984863,130.615234375,135.498046875,87.0361328125,179.9395751953125,-34.0850830078125,11.623144149780273,10.9580078125,13.317090034484863,130.615234375,135.498046875,87.0361328125,179.9395751953125,-31.5087890625,11.623144149780273,10.9580078125,13.317090034484863,130.615234375,135.498046875,87.0361328125,179.593505859375,-31.5087890625,11.623144149780273,10.9580078125,13.317090034484863,130.615234375,135.498046875,87.0361328125,179.593505859375,-31.5087890625,11.623144149780273,10.9580078125,13.317090034484863,130.615234375,135.498046875,87.0361328125,179.593505859375,-31.5087890625,10.857519149780273,10.9580078125,13.317090034484863,130.615234375,119.873046875,87.0361328125,150.2545166015625,-31.5087890625,10.857519149780273,10.9580078125,13.317090034484863,130.615234375,119.873046875,87.0361328125,149.974365234375,-31.5087890625,10.857519149780273,10.9580078125,13.317090034484863,142.333984375,119.873046875,87.0361328125,148.1781005859375,-31.5087890625
15,80.0,9.316699028015137,3.789843797683716,-3.66064453125,27.40478515625,6.53076171875,20.6298828125,173.8201904296875,-59.183349609375,9.316699028015137,3.411816358566284,-3.66064453125,27.40478515625,6.53076171875,20.6298828125,173.8201904296875,-59.183349609375,9.316699028015137,3.411816358566284,-3.66064453125,27.40478515625,6.53076171875,20.6298828125,173.8201904296875,-59.183349609375,9.316699028015137,3.32568359375,-3.66064453125,27.40478515625,6.53076171875,20.6298828125,173.8201904296875,-59.183349609375,9.316699028015137,3.32568359375,-3.66064453125,27.40478515625,6.53076171875,20.6298828125,173.8201904296875,-59.183349609375,9.316699028015137,3.32568359375,-3.66064453125,27.40478515625,6.53076171875,20.6298828125,173.8201904296875,-59.183349609375,9.316699028015137,3.32568359375,-3.66064453125,27.40478515625,6.53076171875,20.6298828125,173.8201904296875,-59.183349609375,10.64697265625,3.5840821266174316,1.296777367591858,59.6923828125,62.92724609375,31.494140625,173.8201904296875,-59.183349609375,12.03466796875,3.5840821266174316,1.296777367591858,59.6923828125,62.92724609375,31.494140625,173.8201904296875,-59.183349609375,12.03466796875,3.5840821266174316,1.296777367591858,59.6923828125,62.92724609375,31.494140625,173.8201904296875,-59.183349609375,12.03466796875,3.5840821266174316,1.296777367591858,59.6923828125,62.92724609375,31.494140625,173.8201904296875,-59.1943359375,12.03466796875,3.5840821266174316,1.296777367591858,59.6923828125,62.92724609375,31.494140625,173.8201904296875,-60.5291748046875,12.03466796875,3.5840821266174316,1.296777367591858,59.6923828125,62.92724609375,31.494140625,170.52978515625,-61.7486572265625,12.03466796875,3.5840821266174316,1.296777367591858,59.6923828125,62.92724609375,31.494140625,170.52978515625,-61.7486572265625,12.03466796875,3.5840821266174316,1.296777367591858,59.6923828125,62.92724609375,31.494140625,170.52978515625,-62.0068359375,12.03466796875,3.5840821266174316,1.296777367591858,59.6923828125,62.92724609375,31.494140625,170.52978515625,-62.0068359375,12.03466796875,3.5840821266174316,1.296777367591858,59.6923828125,62.92724609375,31.494140625,170.52978515625,-62.0068359375,12.03466796875,3.5840821266174316,1.296777367591858,59.6923828125,62.92724609375,31.494140625,170.52978515625,-62.0068359375,12.03466796875,3.5840821266174316,1.296777367591858,59.6923828125,62.92724609375,31.494140625,170.52978515625,-62.0068359375,12.03466796875,2.2538084983825684,-0.990527331829071,46.5087890625,24.59716796875,10.19287109375,157.884521484375,-75.5859375,10.4794921875,1.8997070789337158,-0.990527331829071,17.51708984375,24.59716796875,9.82666015625,157.884521484375,-76.2725830078125,10.4794921875,1.8997070789337158,-0.990527331829071,17.51708984375,24.59716796875,9.82666015625,157.884521484375,-76.2725830078125,10.4794921875,1.8997070789337158,-0.990527331829071,17.51708984375,24.59716796875,9.82666015625,157.884521484375,-76.2725830078125,10.4794921875,1.5456054210662842,-0.990527331829071,9.6435546875,24.59716796875,2.44140625,146.3543701171875,-76.8109130859375,10.4794921875,1.5456054210662842,-0.990527331829071,9.6435546875,24.59716796875,2.44140625,146.3543701171875,-76.8109130859375,10.4794921875,1.5456054210662842,-0.990527331829071,9.6435546875,24.59716796875,2.44140625,146.3543701171875,-76.8109130859375,10.4794921875,1.5456054210662842,-0.990527331829071,9.6435546875,24.59716796875,2.44140625,146.3543701171875,-76.8109130859375,10.4794921875,1.5456054210662842,-0.990527331829071,9.6435546875,24.59716796875,2.44140625,146.3543701171875,-76.8109130859375,10.4794921875,3.4883790016174316,-0.703417956829071,35.7666015625,24.59716796875,32.77587890625,171.441650390625,-57.491455078125,10.4794921875,3.4883790016174316,-0.703417956829071,35.7666015625,24.59716796875,32.77587890625,171.441650390625,-57.491455078125,10.4794921875,3.4883790016174316,-0.703417956829071,35.7666015625,24.59716796875,32.77587890625,171.441650390625,-57.491455078125
16,82.0,10.07275390625,3.1294922828674316,2.36865234375,20.5078125,9.3994140625,15.625,74.6136474609375,-69.1754150390625,10.07275390625,3.03857421875,2.36865234375,20.5078125,9.3994140625,13.18359375,74.6136474609375,-72.1746826171875,10.07275390625,3.03857421875,2.36865234375,20.5078125,9.3994140625,13.18359375,74.6136474609375,-72.1746826171875,10.07275390625,3.03857421875,2.36865234375,20.5078125,9.3994140625,13.18359375,74.6136474609375,-72.1746826171875,10.07275390625,3.03857421875,2.36865234375,20.5078125,9.3994140625,13.18359375,74.6136474609375,-72.1746826171875,10.091894149780273,3.732421875,2.36865234375,59.26513671875,9.3994140625,21.78955078125,74.6136474609375,-72.1746826171875,10.091894149780273,3.732421875,2.36865234375,59.26513671875,9.3994140625,21.78955078125,74.6136474609375,-72.1746826171875,10.091894149780273,3.732421875,2.36865234375,59.26513671875,9.3994140625,21.78955078125,74.6136474609375,-72.1746826171875,10.091894149780273,3.732421875,1.8279297351837158,59.26513671875,8.72802734375,21.78955078125,74.6136474609375,-72.5537109375,10.091894149780273,3.732421875,1.8279297351837158,59.26513671875,8.72802734375,21.78955078125,74.6136474609375,-72.5537109375,13.953516006469727,8.11083984375,5.493359565734863,59.26513671875,41.748046875,78.4912109375,73.2843017578125,-64.84130859375,13.953516006469727,8.11083984375,5.708691596984863,59.26513671875,70.9228515625,78.4912109375,73.2843017578125,-54.349365234375,13.953516006469727,8.11083984375,5.708691596984863,59.26513671875,70.9228515625,78.4912109375,73.2843017578125,-54.349365234375,13.953516006469727,8.11083984375,5.708691596984863,59.26513671875,70.9228515625,78.4912109375,73.2843017578125,-54.349365234375,13.953516006469727,8.11083984375,5.708691596984863,59.26513671875,70.9228515625,78.4912109375,73.2843017578125,-54.349365234375,13.953516006469727,8.11083984375,5.708691596984863,59.26513671875,70.9228515625,78.4912109375,73.2843017578125,-54.349365234375,13.953516006469727,8.11083984375,5.708691596984863,59.26513671875,70.9228515625,78.4912109375,163.89404296875,-54.349365234375,13.953516006469727,8.11083984375,5.708691596984863,44.189453125,70.9228515625,78.4912109375,163.89404296875,-54.349365234375,13.953516006469727,8.11083984375,5.708691596984863,44.189453125,70.9228515625,78.4912109375,163.89404296875,-54.349365234375,13.953516006469727,8.11083984375,5.708691596984863,44.189453125,70.9228515625,78.4912109375,164.5916748046875,-54.349365234375,13.953516006469727,8.11083984375,5.708691596984863,44.189453125,70.9228515625,78.4912109375,174.1058349609375,-54.349365234375,105.1107406616211,8.11083984375,153.1584930419922,44.189453125,93.56689453125,140.625,174.1058349609375,-8.4429931640625,105.1107406616211,6.024511814117432,153.1584930419922,122.86376953125,93.56689453125,140.625,174.1058349609375,-8.4429931640625,105.1107406616211,6.024511814117432,153.1584930419922,122.86376953125,93.56689453125,140.625,174.1058349609375,-8.4429931640625,105.1107406616211,6.024511814117432,153.1584930419922,122.86376953125,93.56689453125,140.625,174.1058349609375,-8.4429931640625,105.1107406616211,6.024511814117432,153.1584930419922,122.86376953125,93.56689453125,140.625,174.1058349609375,-8.4429931640625,105.1107406616211,6.024511814117432,153.1584930419922,122.86376953125,93.56689453125,140.625,174.1058349609375,-8.4429931640625,105.1107406616211,6.024511814117432,153.1584930419922,122.86376953125,93.56689453125,140.625,174.1058349609375,-8.4429931640625,105.1107406616211,6.024511814117432,153.1584930419922,122.86376953125,93.56689453125,140.625,174.1058349609375,-8.4429931640625,105.1107406616211,6.024511814117432,153.1584930419922,122.86376953125,93.56689453125,140.625,174.1058349609375,-8.4429931640625,105.1107406616211,6.024511814117432,153.1584930419922,122.86376953125,93.56689453125,140.625,174.1058349609375,-8.4429931640625
17,83.0,10.541699409484863,14.451171875,5.498144626617432,87.09716796875,41.8701171875,19.83642578125,99.0472412109375,-41.6436767578125,10.541699409484863,14.451171875,5.498144626617432,87.09716796875,41.8701171875,19.83642578125,99.0472412109375,-41.6436767578125,10.541699409484863,14.451171875,5.498144626617432,87.09716796875,41.8701171875,19.83642578125,99.0472412109375,-41.6436767578125,10.541699409484863,14.451171875,5.498144626617432,87.09716796875,41.8701171875,26.123046875,129.407958984375,-41.6436767578125,10.541699409484863,14.451171875,5.498144626617432,87.09716796875,41.8701171875,26.123046875,129.407958984375,-41.6436767578125,10.541699409484863,14.451171875,5.498144626617432,87.09716796875,41.8701171875,26.123046875,129.407958984375,-41.6436767578125,10.541699409484863,14.451171875,5.498144626617432,87.09716796875,41.8701171875,26.123046875,137.6641845703125,-41.6436767578125,10.350293159484863,8.747265815734863,4.746874809265137,87.09716796875,30.3955078125,26.123046875,137.6641845703125,-53.5748291015625,10.350293159484863,8.747265815734863,4.746874809265137,87.09716796875,30.3955078125,26.123046875,137.6641845703125,-57.1014404296875,10.350293159484863,8.747265815734863,1.6748046875,64.02587890625,14.892578125,26.123046875,137.6641845703125,-59.1009521484375,10.350293159484863,8.747265815734863,1.6748046875,64.02587890625,14.892578125,26.123046875,137.6641845703125,-59.1009521484375,10.398144721984863,8.747265815734863,0.55029296875,64.02587890625,15.5029296875,26.123046875,137.6641845703125,-59.94140625,10.398144721984863,8.747265815734863,0.55029296875,64.02587890625,15.5029296875,26.123046875,137.6641845703125,-59.94140625,10.398144721984863,8.747265815734863,0.55029296875,64.02587890625,15.5029296875,26.123046875,137.6641845703125,-59.94140625,10.398144721984863,8.747265815734863,0.55029296875,64.02587890625,15.5029296875,26.123046875,137.6641845703125,-59.94140625,10.398144721984863,6.732714653015137,0.16269531846046448,36.2548828125,15.5029296875,12.6953125,137.6641845703125,-59.94140625,10.398144721984863,6.732714653015137,0.16269531846046448,36.2548828125,15.5029296875,12.6953125,137.6641845703125,-59.94140625,10.398144721984863,6.732714653015137,0.16269531846046448,36.2548828125,15.5029296875,23.92578125,161.455078125,-59.94140625,10.398144721984863,6.732714653015137,0.16269531846046448,36.2548828125,15.5029296875,23.92578125,177.275390625,-59.94140625,14.245409965515137,5.938378810882568,0.8086913824081421,68.17626953125,35.46142578125,61.82861328125,179.8846435546875,-60.545654296875,14.245409965515137,5.938378810882568,0.8086913824081421,68.17626953125,35.46142578125,61.82861328125,179.9945068359375,-60.545654296875,14.245409965515137,5.938378810882568,0.8086913824081421,68.17626953125,35.46142578125,61.82861328125,179.9945068359375,-60.545654296875,14.245409965515137,5.938378810882568,0.8086913824081421,68.17626953125,35.46142578125,61.82861328125,179.9945068359375,-60.545654296875,14.245409965515137,5.938378810882568,0.8086913824081421,68.17626953125,35.46142578125,61.82861328125,179.9945068359375,-60.545654296875,14.245409965515137,5.938378810882568,0.8086913824081421,68.17626953125,35.46142578125,61.82861328125,179.9945068359375,-60.545654296875,14.245409965515137,5.938378810882568,0.8086913824081421,68.17626953125,35.46142578125,61.82861328125,179.9945068359375,-60.545654296875,14.245409965515137,5.938378810882568,0.8086913824081421,68.17626953125,35.46142578125,61.82861328125,179.9945068359375,-60.545654296875,14.245409965515137,5.938378810882568,0.8086913824081421,68.17626953125,35.46142578125,61.82861328125,179.9945068359375,-60.545654296875,14.245409965515137,5.938378810882568,0.8086913824081421,68.17626953125,35.46142578125,61.82861328125,179.9945068359375,-60.545654296875,14.245409965515137,5.938378810882568,0.8086913824081421,68.17626953125,35.46142578125,61.82861328125,179.9945068359375,-60.545654296875,14.245409965515137,5.938378810882568,0.8086913824081421,68.17626953125,35.46142578125,61.82861328125,179.9945068359375,-60.545654296875
18,84.0,,,,,,,,,,,,,,,,,,,,,,,,,,,,,,,,,,,,,,,,,,,,,,,,,,,,,,,,,,,,,,,,,,,,,,,,,,,,,,,,,,,,,,,,,,,,,,,,,,,,,,,,,,,,,,,,,,,,,,,,,,,,,,,,,,,,,,,,,,,,,,,,,,,,,,,,,,,,,,,,,,,,,,,,,,,,,,,,,,,,,,,,,,,,,,,,,,,,,,,,,,,,,,,,,,,,,,,,,,,,,,,,,,,,,,,,,,,,,,,,,,,,,,,,
19,85.0,9.847851753234863,2.2538084983825684,-3.746777296066284,47.607421875,13.5498046875,19.4091796875,179.9945068359375,-57.974853515625,9.938769340515137,3.507519483566284,-3.459667921066284,47.607421875,13.5498046875,21.54541015625,179.9945068359375,-57.974853515625,9.938769340515137,4.933495998382568,-3.459667921066284,47.607421875,15.380859375,43.51806640625,179.9945068359375,-25.257568359375,9.938769340515137,4.933495998382568,-3.459667921066284,47.607421875,15.380859375,43.51806640625,179.9505615234375,-25.257568359375,9.938769340515137,4.933495998382568,-3.459667921066284,47.607421875,15.380859375,43.51806640625,179.9505615234375,-25.257568359375,9.938769340515137,4.933495998382568,-3.459667921066284,47.607421875,15.380859375,43.51806640625,179.9505615234375,-25.257568359375,9.938769340515137,4.933495998382568,-3.459667921066284,47.607421875,15.380859375,43.51806640625,179.9505615234375,-25.257568359375,9.938769340515137,4.933495998382568,-3.459667921066284,47.607421875,15.380859375,43.51806640625,179.9505615234375,-25.257568359375,9.938769340515137,4.933495998382568,-3.459667921066284,47.607421875,15.380859375,43.51806640625,179.901123046875,-25.257568359375,9.938769340515137,4.933495998382568,-3.459667921066284,44.3115234375,15.380859375,43.51806640625,179.901123046875,-25.257568359375,9.938769340515137,4.933495998382568,-3.459667921066284,44.3115234375,15.380859375,43.51806640625,179.901123046875,-25.257568359375,9.938769340515137,4.933495998382568,-3.459667921066284,44.3115234375,15.380859375,43.51806640625,179.901123046875,-25.257568359375,9.938769340515137,4.933495998382568,-3.459667921066284,44.3115234375,15.380859375,43.51806640625,179.901123046875,-25.257568359375,9.484179496765137,4.933495998382568,-3.7515625953674316,35.15625,15.380859375,43.51806640625,179.901123046875,-25.257568359375,5.416796684265137,0.32539063692092896,-8.354883193969727,14.16015625,15.2587890625,12.87841796875,-173.353271484375,-27.2625732421875,5.373730659484863,0.0,-8.378808975219727,14.16015625,6.591796875,8.9111328125,-173.353271484375,-27.7789306640625,5.373730659484863,-0.11005859076976776,-8.378808975219727,14.16015625,6.591796875,8.9111328125,-173.353271484375,-27.97119140625,5.373730659484863,-0.11005859076976776,-8.378808975219727,14.16015625,6.591796875,8.9111328125,-173.353271484375,-28.0645751953125,5.373730659484863,-0.11005859076976776,-8.378808975219727,14.16015625,6.591796875,8.9111328125,-173.353271484375,-28.4820556640625,5.373730659484863,-0.11005859076976776,-8.378808975219727,14.16015625,6.591796875,8.9111328125,-173.353271484375,-28.4820556640625,5.373730659484863,0.17705078423023224,-8.378808975219727,12.14599609375,5.79833984375,10.1318359375,-173.353271484375,-28.487548828125,5.373730659484863,0.17705078423023224,-8.378808975219727,12.14599609375,5.79833984375,10.1318359375,-173.353271484375,-28.487548828125,12.498827934265137,1.818359375,-1.225000023841858,66.0400390625,136.474609375,22.705078125,177.36328125,-28.487548828125,12.498827934265137,2.0289063453674316,-1.225000023841858,66.0400390625,136.474609375,22.705078125,177.36328125,-28.487548828125,12.498827934265137,9.838281631469727,-0.44501954317092896,216.00341796875,136.474609375,22.705078125,177.36328125,-28.487548828125,12.498827934265137,9.838281631469727,-0.44501954317092896,216.00341796875,136.474609375,22.705078125,177.36328125,-28.487548828125,12.498827934265137,9.838281631469727,-0.44501954317092896,216.00341796875,136.474609375,22.705078125,177.36328125,-28.487548828125,12.498827934265137,9.838281631469727,-0.44501954317092896,216.00341796875,136.474609375,22.705078125,177.36328125,-28.487548828125,12.498827934265137,9.838281631469727,-0.44501954317092896,216.00341796875,136.474609375,22.705078125,177.36328125,-28.487548828125,12.498827934265137,9.838281631469727,-0.44501954317092896,216.00341796875,136.474609375,22.705078125,177.36328125,-28.487548828125,12.498827934265137,9.838281631469727,-0.44501954317092896,216.00341796875,136.474609375,22.705078125,177.36328125,-28.487548828125
20,87.0,,,,,,,,,,,,,,,,,,,,,,,,,,,,,,,,,,,,,,,,,,,,,,,,,,,,,,,,,,,,,,,,,,,,,,,,,,,,,,,,,,,,,,,,,,,,,,,,,,,,,,,,,,,,,,,,,,,,,,,,,,,,,,,,,,,,,,,,,,,,,,,,,,,,,,,,,,,,,,,,,,,,,,,,,,,,,,,,,,,,,,,,,,,,,,,,,,,,,,,,,,,,,,,,,,,,,,,,,,,,,,,,,,,,,,,,,,,,,,,,,,,,,,,,
21,88.0,,,,,,,,,,,,,,,,,,,,,,,,,,,,,,,,,,,,,,,,,,,,,,,,,,,,,,,,,,,,,,,,,,,,,,,,,,,,,,,,,,,,,,,,,,,,,,,,,,,,,,,,,,,,,,,,,,,,,,,,,,,,,,,,,,,,,,,,,,,,,,,,,,,,,,,,,,,,,,,,,,,,,,,,,,,,,,,,,,,,,,,,,,,,,,,,,,,,,,,,,,,,,,,,,,,,,,,,,,,,,,,,,,,,,,,,,,,,,,,,,,,,,,,,
22,89.0,104.2398452758789,29.864160537719727,37.52997970581055,328.79638671875,215.51513671875,101.74560546875,156.533203125,-50.438232421875,104.2398452758789,29.864160537719727,37.52997970581055,328.79638671875,215.51513671875,101.74560546875,156.533203125,-50.438232421875,104.2398452758789,29.864160537719727,37.52997970581055,328.79638671875,215.51513671875,101.74560546875,156.533203125,-50.438232421875,104.2398452758789,29.864160537719727,37.52997970581055,328.79638671875,215.51513671875,101.74560546875,156.533203125,-50.438232421875,104.2398452758789,29.864160537719727,37.52997970581055,328.79638671875,215.51513671875,101.74560546875,156.533203125,-50.438232421875,104.2398452758789,29.864160537719727,37.52997970581055,328.79638671875,215.51513671875,101.74560546875,156.533203125,-50.438232421875,104.2398452758789,29.864160537719727,37.52997970581055,328.79638671875,215.51513671875,101.74560546875,178.8739013671875,-50.438232421875,35.99394607543945,6.249413967132568,37.52997970581055,102.783203125,119.32373046875,79.04052734375,178.8739013671875,-50.438232421875,14.432031631469727,6.249413967132568,4.440625190734863,158.69140625,119.32373046875,79.04052734375,178.8739013671875,-50.438232421875,13.436718940734863,6.249413967132568,4.37841796875,158.69140625,100.76904296875,79.04052734375,178.8739013671875,-58.0078125,13.436718940734863,2.8519530296325684,4.014746189117432,158.69140625,100.76904296875,58.41064453125,179.1925048828125,-43.758544921875,13.436718940734863,2.8519530296325684,6.105859279632568,158.69140625,100.76904296875,58.41064453125,179.1925048828125,-43.758544921875,15.24072265625,3.80419921875,6.105859279632568,158.69140625,100.76904296875,58.41064453125,179.1925048828125,-43.758544921875,15.24072265625,3.80419921875,6.105859279632568,158.69140625,100.76904296875,58.41064453125,179.1925048828125,-43.758544921875,15.24072265625,3.80419921875,6.105859279632568,158.69140625,100.76904296875,58.41064453125,179.1925048828125,-43.758544921875,15.24072265625,3.80419921875,6.105859279632568,158.69140625,100.76904296875,58.41064453125,179.1925048828125,-43.758544921875,15.24072265625,3.80419921875,6.105859279632568,158.69140625,100.76904296875,58.41064453125,179.1925048828125,-43.758544921875,15.24072265625,3.80419921875,6.105859279632568,158.69140625,100.76904296875,58.41064453125,179.1925048828125,-43.758544921875,15.24072265625,3.80419921875,6.105859279632568,158.69140625,96.0693359375,58.41064453125,179.1925048828125,-43.758544921875,15.24072265625,3.80419921875,6.105859279632568,158.69140625,96.0693359375,58.41064453125,179.1925048828125,-43.758544921875,15.24072265625,3.80419921875,6.105859279632568,120.30029296875,96.0693359375,58.41064453125,179.1925048828125,-43.758544921875,15.24072265625,3.80419921875,6.105859279632568,120.30029296875,96.0693359375,50.72021484375,179.1925048828125,-43.758544921875,15.24072265625,3.80419921875,6.105859279632568,84.04541015625,90.576171875,50.72021484375,-20.6707763671875,-45.4779052734375,15.24072265625,3.80419921875,3.46923828125,84.04541015625,68.90869140625,49.6826171875,-66.005859375,-45.4779052734375,11.096776962280273,0.516796886920929,0.799121081829071,39.00146484375,30.57861328125,49.6826171875,-114.98291015625,-45.4779052734375,13.321874618530273,3.66064453125,2.12939453125,101.07421875,50.84228515625,50.537109375,179.14306640625,-45.4779052734375,13.321874618530273,3.66064453125,2.12939453125,101.07421875,50.84228515625,50.537109375,179.9176025390625,-45.4779052734375,13.321874618530273,3.66064453125,4.42626953125,101.07421875,50.84228515625,50.537109375,179.9176025390625,-45.4779052734375,13.321874618530273,3.66064453125,4.42626953125,101.07421875,120.54443359375,50.537109375,179.9176025390625,-45.4779052734375,13.321874618530273,5.47900390625,4.42626953125,101.07421875,120.54443359375,50.537109375,179.9176025390625,-45.4779052734375,13.321874618530273,5.47900390625,4.42626953125,101.07421875,120.54443359375,50.537109375,179.9176025390625,-45.4779052734375
23,91.0,11.034570693969727,4.148730278015137,3.167773485183716,63.5986328125,35.5224609375,46.5087890625,179.6209716796875,-65.4400634765625,12.192578315734863,4.148730278015137,3.167773485183716,63.5986328125,35.5224609375,46.5087890625,179.6209716796875,-67.34619140625,12.192578315734863,4.148730278015137,3.167773485183716,63.5986328125,35.5224609375,46.5087890625,179.6209716796875,-67.34619140625,12.192578315734863,4.148730278015137,3.167773485183716,63.5986328125,35.5224609375,46.5087890625,179.1265869140625,-67.34619140625,12.192578315734863,4.148730278015137,3.167773485183716,63.5986328125,35.5224609375,46.5087890625,179.1265869140625,-67.34619140625,12.192578315734863,4.148730278015137,3.167773485183716,63.5986328125,35.5224609375,46.5087890625,179.1265869140625,-67.34619140625,12.192578315734863,4.148730278015137,3.167773485183716,63.5986328125,35.5224609375,46.5087890625,173.3587646484375,-67.576904296875,12.192578315734863,4.148730278015137,3.167773485183716,63.5986328125,35.5224609375,46.5087890625,131.6326904296875,-67.5933837890625,12.594531059265137,3.2730469703674316,3.148632764816284,64.453125,42.66357421875,20.81298828125,165.3057861328125,-66.6815185546875,12.594531059265137,2.3638672828674316,3.148632764816284,64.453125,42.66357421875,20.81298828125,179.7637939453125,-66.6815185546875,12.594531059265137,2.3638672828674316,3.148632764816284,64.453125,42.66357421875,20.81298828125,179.7637939453125,-66.6815185546875,12.594531059265137,4.0673828125,3.148632764816284,64.453125,42.66357421875,35.58349609375,179.967041015625,-63.5174560546875,12.594531059265137,4.0673828125,3.148632764816284,64.453125,42.66357421875,35.58349609375,179.967041015625,-63.5174560546875,12.594531059265137,4.0673828125,1.7705078125,64.453125,42.66357421875,35.58349609375,179.967041015625,-63.5174560546875,12.594531059265137,4.0673828125,1.7705078125,64.453125,42.66357421875,35.58349609375,179.967041015625,-63.5174560546875,12.594531059265137,4.0673828125,1.7705078125,64.453125,42.66357421875,35.58349609375,179.967041015625,-63.5174560546875,12.594531059265137,4.0673828125,1.7705078125,64.453125,42.66357421875,35.58349609375,179.967041015625,-63.5174560546875,12.594531059265137,4.0673828125,1.7705078125,64.453125,42.66357421875,35.58349609375,179.967041015625,-63.5174560546875,12.594531059265137,4.0673828125,1.7705078125,64.453125,42.66357421875,35.58349609375,179.967041015625,-63.5174560546875,12.594531059265137,5.254101753234863,11.297754287719727,77.81982421875,59.14306640625,35.58349609375,179.967041015625,-45.4888916015625,11.800195693969727,5.254101753234863,11.297754287719727,87.46337890625,137.26806640625,54.62646484375,179.967041015625,-45.4888916015625,13.857812881469727,6.014941215515137,22.356250762939453,102.60009765625,137.26806640625,54.62646484375,179.967041015625,-45.4888916015625,13.857812881469727,6.014941215515137,22.356250762939453,102.60009765625,137.26806640625,54.62646484375,179.967041015625,-45.4888916015625,13.857812881469727,6.014941215515137,22.356250762939453,102.60009765625,137.26806640625,54.62646484375,146.40380859375,-45.4888916015625,13.857812881469727,6.014941215515137,22.356250762939453,102.60009765625,137.26806640625,54.62646484375,146.40380859375,-45.4888916015625,13.857812881469727,6.014941215515137,22.356250762939453,102.60009765625,137.26806640625,54.62646484375,146.40380859375,-45.4888916015625,13.857812881469727,6.014941215515137,22.356250762939453,102.60009765625,137.26806640625,54.62646484375,146.40380859375,-45.4888916015625,13.857812881469727,6.014941215515137,22.356250762939453,102.60009765625,137.26806640625,54.62646484375,146.40380859375,-45.4888916015625,13.857812881469727,6.014941215515137,22.356250762939453,102.60009765625,137.26806640625,54.62646484375,146.40380859375,-45.4888916015625,13.857812881469727,6.014941215515137,22.356250762939453,102.60009765625,137.26806640625,54.62646484375,146.40380859375,-45.4888916015625,13.857812881469727,6.014941215515137,22.356250762939453,102.60009765625,137.26806640625,54.62646484375,119.7235107421875,-45.4888916015625
24,92.0,120.0404281616211,8.574999809265137,42.870216369628906,1828.2470703125,1794.25048828125,1336.181640625,41.802978515625,59.0625,120.0404281616211,8.574999809265137,42.870216369628906,1828.2470703125,1794.25048828125,1336.181640625,41.802978515625,59.0625,120.0404281616211,8.574999809265137,42.870216369628906,1828.2470703125,1794.25048828125,1336.181640625,41.802978515625,59.0625,120.0404281616211,8.574999809265137,42.870216369628906,1828.2470703125,1794.25048828125,1336.181640625,41.802978515625,59.0625,120.0404281616211,8.574999809265137,42.870216369628906,1828.2470703125,1794.25048828125,1336.181640625,41.802978515625,59.0625,120.0404281616211,8.574999809265137,42.870216369628906,1828.2470703125,1794.25048828125,1336.181640625,41.802978515625,59.0625,12.929491996765137,5.349804878234863,11.345605850219727,89.05029296875,51.3916015625,34.423828125,41.802978515625,-51.646728515625,12.929491996765137,5.349804878234863,11.345605850219727,89.05029296875,51.3916015625,34.423828125,41.802978515625,-51.646728515625,22.743846893310547,5.349804878234863,16.097265243530273,135.25390625,107.97119140625,51.81884765625,59.1888427734375,-51.646728515625,22.743846893310547,6.038866996765137,22.026073455810547,136.3525390625,141.17431640625,54.38232421875,59.1888427734375,-47.6861572265625,22.743846893310547,6.038866996765137,22.026073455810547,136.3525390625,141.17431640625,54.38232421875,59.1888427734375,-47.6861572265625,22.743846893310547,15.613965034484863,22.026073455810547,174.13330078125,141.17431640625,85.693359375,59.1888427734375,-47.6861572265625,22.743846893310547,15.613965034484863,22.026073455810547,210.693359375,141.17431640625,98.57177734375,59.1888427734375,-47.6861572265625,22.743846893310547,15.613965034484863,22.026073455810547,210.693359375,141.17431640625,98.57177734375,59.1888427734375,-47.6861572265625,22.743846893310547,16.408300399780273,22.026073455810547,210.693359375,141.17431640625,98.57177734375,59.1888427734375,-47.6861572265625,22.743846893310547,16.408300399780273,22.026073455810547,210.693359375,141.17431640625,98.57177734375,59.1888427734375,-47.6861572265625,22.743846893310547,16.408300399780273,22.026073455810547,210.693359375,141.17431640625,98.57177734375,59.1888427734375,-47.6861572265625,22.743846893310547,16.408300399780273,22.026073455810547,210.693359375,141.17431640625,98.57177734375,59.1888427734375,-47.6861572265625,22.743846893310547,16.408300399780273,22.026073455810547,210.693359375,141.17431640625,98.57177734375,59.1888427734375,-36.1285400390625,22.743846893310547,16.408300399780273,22.026073455810547,210.693359375,141.17431640625,98.57177734375,59.1888427734375,-36.1285400390625,13.42236328125,16.408300399780273,22.026073455810547,210.693359375,141.17431640625,98.57177734375,51.470947265625,-36.1285400390625,13.42236328125,16.408300399780273,15.489550590515137,210.693359375,70.80078125,98.57177734375,51.470947265625,-36.1285400390625,13.42236328125,16.408300399780273,15.489550590515137,210.693359375,70.80078125,98.57177734375,51.470947265625,-36.1285400390625,13.42236328125,16.408300399780273,15.489550590515137,210.693359375,70.80078125,98.57177734375,51.470947265625,-36.1285400390625,13.42236328125,16.408300399780273,14.04443359375,140.44189453125,63.04931640625,90.6982421875,51.470947265625,-36.1285400390625,13.42236328125,16.408300399780273,14.04443359375,140.44189453125,63.04931640625,90.6982421875,51.5643310546875,-36.1285400390625,10.178027153015137,8.886034965515137,12.206933975219727,95.21484375,41.93115234375,26.85546875,51.5643310546875,-36.1285400390625,10.178027153015137,8.886034965515137,12.206933975219727,95.21484375,41.93115234375,26.85546875,51.5643310546875,-36.1285400390625,11.98681640625,8.886034965515137,12.206933975219727,102.5390625,41.93115234375,79.345703125,51.5643310546875,-36.1285400390625,11.98681640625,8.886034965515137,12.206933975219727,102.5390625,41.93115234375,79.345703125,51.5643310546875,-36.1285400390625,11.98681640625,6.861914157867432,8.689844131469727,102.5390625,41.32080078125,79.345703125,51.5643310546875,-38.2708740234375
25,93.0,10.661328315734863,-0.4737304747104645,2.87109375,14.6484375,22.3388671875,6.04248046875,-25.1861572265625,-76.322021484375,10.661328315734863,-0.4737304747104645,2.87109375,14.6484375,22.3388671875,6.04248046875,-25.1861572265625,-76.322021484375,105.15380859375,-0.4737304747104645,2.87109375,14.6484375,22.3388671875,6.04248046875,1.4007568359375,7.03125,105.15380859375,-0.4737304747104645,2.87109375,24.4140625,35.70556640625,8.85009765625,1.4007568359375,7.03125,105.15380859375,-0.4737304747104645,2.87109375,24.4140625,35.70556640625,8.85009765625,1.4007568359375,7.03125,105.15380859375,-0.4737304747104645,2.87109375,24.4140625,35.70556640625,8.85009765625,1.4007568359375,7.03125,105.15380859375,-0.4737304747104645,2.87109375,24.4140625,35.70556640625,8.85009765625,1.4007568359375,7.03125,105.15380859375,-0.4737304747104645,2.87109375,24.4140625,35.70556640625,8.85009765625,1.4007568359375,7.03125,105.15380859375,-0.4737304747104645,2.87109375,24.4140625,35.70556640625,8.85009765625,1.4007568359375,7.03125,105.15380859375,-0.4737304747104645,2.87109375,24.4140625,35.70556640625,8.85009765625,1.4007568359375,7.03125,105.15380859375,-0.4737304747104645,2.87109375,24.4140625,35.70556640625,8.85009765625,1.4007568359375,7.03125,105.15380859375,-0.9378906488418579,2.383007764816284,24.4140625,35.70556640625,8.85009765625,1.4007568359375,7.03125,105.15380859375,-0.9378906488418579,2.383007764816284,24.4140625,35.70556640625,8.85009765625,1.4007568359375,7.03125,105.15380859375,-0.9378906488418579,2.383007764816284,24.4140625,35.70556640625,8.85009765625,1.4007568359375,7.03125,11.307324409484863,4.024316310882568,4.694238185882568,95.64208984375,38.63525390625,25.390625,43.0718994140625,-57.8375244140625,11.307324409484863,4.024316310882568,4.694238185882568,95.64208984375,38.63525390625,31.3720703125,43.0718994140625,-57.8375244140625,11.307324409484863,4.024316310882568,4.694238185882568,95.64208984375,38.63525390625,31.3720703125,43.0718994140625,-57.8375244140625,11.307324409484863,4.024316310882568,4.694238185882568,95.64208984375,38.63525390625,31.3720703125,43.0718994140625,-57.8375244140625,11.307324409484863,4.024316310882568,4.694238185882568,95.64208984375,38.63525390625,31.3720703125,43.0718994140625,-57.8375244140625,11.307324409484863,4.024316310882568,4.694238185882568,95.64208984375,38.63525390625,31.3720703125,43.0718994140625,-57.8375244140625,11.307324409484863,4.024316310882568,4.694238185882568,95.64208984375,38.63525390625,31.3720703125,43.0718994140625,-57.8375244140625,11.307324409484863,4.024316310882568,4.694238185882568,95.64208984375,38.63525390625,31.3720703125,43.0718994140625,-57.8375244140625,11.307324409484863,4.024316310882568,4.694238185882568,95.64208984375,38.63525390625,31.3720703125,43.0718994140625,-57.8375244140625,11.307324409484863,4.024316310882568,4.694238185882568,95.64208984375,38.63525390625,31.3720703125,43.0718994140625,-57.8375244140625,11.307324409484863,4.024316310882568,4.694238185882568,95.64208984375,38.63525390625,31.3720703125,43.0718994140625,-57.8375244140625,11.307324409484863,4.024316310882568,4.694238185882568,95.64208984375,38.63525390625,31.3720703125,43.0718994140625,-57.8375244140625,10.603906631469727,3.1294922828674316,3.9046874046325684,29.9072265625,10.8642578125,31.3720703125,37.188720703125,-65.335693359375,9.943554878234863,2.201171875,3.550585985183716,21.97265625,10.8642578125,8.85009765625,24.0435791015625,-69.2413330078125,9.943554878234863,2.832812547683716,4.172656059265137,21.97265625,13.00048828125,8.85009765625,29.28955078125,-63.665771484375,10.914941787719727,3.70849609375,5.211035251617432,70.3125,29.72412109375,32.958984375,29.28955078125,-63.665771484375,10.914941787719727,3.70849609375,5.211035251617432,70.3125,29.72412109375,32.958984375,29.28955078125,-63.665771484375
